X,Y,OBJECTID,ADDRESS,ARTIST,TITLE,MEDIUM,YEAR,ART_TYPE,DISPLAY,LOCATION,NEIGHBORHOOD,SIZE_,WARD,DURATION,PROGRAM_SOURCE,ARTWORK
-77.023515042967546,38.914256255535726,1,813 S STREET NW,Richard Colman,Checker Club,Aerosol paint,2011,Mural,"Capitol Pool Checkers Club, located at back of building on corner of 9th & S Street, NW",813 s street nw,shaw,,1,Temporary,MuralsDC,
-76.986446281445524,38.867186554593715,2,1320 GOOD HOPE ROAD SE,"Helping Inner City Youth Succeed, Hicks",Untitled,Aerosol paint,2009,Mural,"African Heritage Center for African Dance & Music, mural located on side of building facing parking lot",1320b good hope road se,anacostia,1209 sq. ft.,8,Temporary,MuralsDC,
-76.995284097964657,38.879774866247914,3,745 8TH STREET SE,Michael Hammond,Depiction of the House’s Go-go Band,Aerosol paint on concrete,2011,Mural,"Sasha Bruce House, mural located on front of building",745 8th street se,capitol hill,140 sq. feet,6,Permanent,Commissioned Project,
-77.001522170320811,38.95704146049561,4,320 RIGGS ROAD NE,Joel Bergner and Rashad Cuffee,Life Makes Music,Aerosol paint,2008,Mural,"Off the intersection at South Dakota Ave NE & Riggs Road NE, , mural located back from street on retaining wall",357 riggs road ne,petworth,,4,Temporary,Neighborhood Projects,
-77.016779828947236,38.974891735441943,5,314 CARROLL STREET NW,"Words, Beats and Life",Takoma Green,Aerosol paint,2009,Mural,"Elevation 314, mural is located behind 314 Carroll Street, NW & visible from the Red Line Metro trains at Takoma Station",314 carroll street nw,takoma,150 x 10',4,Temporary,Neighborhood Projects,
-76.944686215372158,38.86919798058274,6,1400 41ST STREET SE,Alfred J. Smith,Positive Actions,Acrylic on wood,1993,Mural,"Fort Davis Recreation Center, located behind building in circular pavilion near playground",1400 41st street se,fort davis,"Two  panels:  60"" x 30"" and one panel:  45"" x 90""",7,Permanent,Community Initiatives,
-77.020835671881926,38.89955558844359,7,616 H STREET NW,Constance Flueres,The Yellow Line,"Paint, clay, neon",1989,"Sculpture, Mural","Gallery Place, Chinatown Metro Station, located inside station entrance",616 h street nw,chinatown,130',2,Temporary,MuralsDC,
-76.984688361293323,38.909745288073601,8,1201 MOUNT OLIVET ROAD NE,Roderick Turner,Black Men in Flight,Paint on board,1998,Mural,Located on side of North East Market Deli,1203 mt. olivet road ne,brentwood,8' x 28',5,Permanent,Art in the Metro,
-76.986969455441425,38.900450980304022,9,1338 H STREET NE,Justine Walden,Expressive Sign Project: Smokey's Barbershop,Pain on aluminum,2004,"Architectural, sign","Smokey's Barber Shop, business sign",1338 h street ne,atlas district,,6,Temporary,MuralsDC,
-77.022304703862048,38.913943453134451,10,710 S STREET NW,Eric B. Ricks,With Hard Work Dreams Become Reality,Aerosol paint on brick,2012,Mural,"Log Cabin Convenience Store, back of building",710 s street nw,shaw,12' x 26',6,Permanent,Community Initiatives,
-76.994564882555153,38.930360153562702,11,3225 8TH STREET NE,"Cita ""Chelove"" Sadeli",I Dance With The Dancers,Aerosol paint on concrete,2012,Mural,"Dance Place, mural located on right side of building",3225 8th street ne,pleasant plains,"148"" x 743""",5,Permanent,Inter District DPR,
-76.978627807395,38.865915649665844,12,1800 GOOD HOPE ROAD SE,William C. Howard,I Read,Glass,2010,Installation,"Anacostia Library, installation located inside building",1800 good hope road se,anacostia,,8,Temporary,MuralsDC,
-77.001789286311904,38.905506821805396,13,1179 3RD STREET NE,Daniel Hopkins,Pose,Aerosol paint on brick,2012,Mural,"Oasis Market, located on side of building facing M Street",1179 3rd street ne,noma,8' x 27',6,Temporary,MuralsDC,
-77.025232453896663,38.939171909746186,14,3910 GEORGIA AVENUE NW,Nekisha Durrett,Sweet,Uv coated canvas,2011,Mural,"3 Tree Flats, located on right side of condominium building",3910 georgia avenue nw,petworth,24 x 12',4,Temporary,MuralsDC,
-77.033309792868906,38.927203073272217,15,1420 COLUMBIA ROAD NW,Ryan McDonnell and Manuel Navarette,Untitled,Aerosol paint,2008,Mural,"CentroNia School, located on side street Harvard CT, on side of  building",1420 columbia road nw,columbia heights,762 sq. feet,1,Permanent,Neighborhood Projects,
-77.04613973190186,38.913725046183494,16,1736 CONNECTICUT AVENUE NW,Byron Peck,Dupont Circle,Paint on brick,1993,Mural,Located on side of building 2nd-3rd floor,1736 connecticut avenue nw,dupont circle,,2,Temporary,MuralsDC,
-77.016353458517699,38.913742380689598,17,400 FLORIDA AVENUE NW,Joel Bergner and Rashad Cuffee,The Crane,Aerosol paint,2008,Mural,"Ken's Carry Out, mural located on outside of building",400 florida avenue nw,shaw,225 sq. feet,5,Temporary,MuralsDC,
-77.077778012466737,38.950164181029514,18,3950 CHESAPEAKE STREET NW,Kevin Dobbe,Interactions,Four NEC monitors with wall domed camera above. 5 four ft. DMX controlled LED lights.,2012,Installation,"Wilson Senior High, LED DMX Display is located inside school",3950 chesapeake street nw,north cleveland park,"Four 55"" monitors",3,Permanent,Neighborhood Projects,
-77.009567293213024,38.910848303362236,19,12 FLORIDA AVENUE NW,James Bullough and Addison Karl,Untitled,Aerosol paint,2013,Mural,"Across from Tuxton Cricle Park, mural located on right side of building,",12 florida avenue nw,truxton circle,,5,Temporary,MuralsDC,
-76.9410901691585,38.901013390034322,20,4309 NANNIE HELEN BURROUGHS AVENUE NE,Rik Freeman,100 Years of African American History,Acrylic on masonry wall,1991,Mural,"Deanwood, across the street from Dean Avenue Cleaners",4309 nannie helen burroughs avenue ne,deanwood,12' x 120',7,Temporary,MuralsDC,
-76.991820668078645,38.829029734270087,21,885 CHESAPEAKE STREET SE,Cheryl Foster,Shooting for the Stars…Not Each Other,"Mosaic, mixed media",2000,Mural,"Southern Court Apartments, located onside of apartment building Chesapeake & Southern Avenue, SE",885 chesapeake street se,washington highlands,30' x 30',8,Temporary,MuralsDC,
-76.996916494788081,38.922067272626279,22,680 RHODE ISLAND AVENUE NE,Albus Cavus,Edgewood to the End of the World,Aerosol paint,2009,Mural,"Rhode Island Avenue Shopping Center, mural is located in the parking lot of the shopping center off of 4th Street",680 rhode island avenue ne,edgewood,20 x 275',5,Temporary,MuralsDC,
-76.982919600894263,38.921047494003744,23,2311 14TH STREET NE,Maureen Melville & Laurie Seigel,Brentwood Recreation Center,Stained glass windows,2007,"Mural, glass","Brentwood Recreation Center, located in windows of entrance",2311 14th street ne,brentwood,,5,Temporary,MuralsDC,
-76.993019099816365,38.898553076310137,24,640 10TH STREET NE,Carien Quiroga,Reaching Out - Joining Hands,"Glass mosaic, aluminum and photographs",2006,Mural,"Sherwood Recreation Center, located inside Center",640 10th street ne,capitol hill,6 1/2' x 16.7',6,Permanent,Community Initiatives,
-77.02165570448247,38.899640027807941,25,630 H STREET NW,Foon Sham,The Glory of Chinese Descendants,Neon,2000,"Architectural, neon","Gallery Place, Chinatown Metro Station, located inside station",630 h street nw,chinatown,,2,Permanent,Art in the Metro,
-77.003735302421191,38.839911820393517,26,3500 MARTIN LUTHER KING JR AVENUE SE,Cheryl Foster,Golden Years,"Acrylic, mixed media",2002,Mural,"Office on Aging's Senior Wellness Center, located inside Center",3500 martin luther king jr avenue se,congress heights,6' x 24',8,Permanent,Neighborhood Projects,
-77.02496324576029,38.912166921260081,27,925 RHODE ISLAND AVENUE NW,Byron Peck,Percy Ellis,Acrylic paint on panel,2005,Mural,"Shaw Junior High School, mural located inside school",925 rhode island avenue nw,shaw,5' x 7',6,Temporary,Neighborhood Projects,
-76.992916890042281,38.900440141649327,28,920 H STREET NE,Perran Collery,Expressive Sign Project: Park's Hardware,Glazed ceramic tile cemented on cement board,2004,"Architectural, sign","Park's Hardware, business sign",920 h street ne,atlas district,,6,Temporary,MuralsDC,
-76.992602301763085,38.938071784232079,29,1100 MICHIGAN AVENUE NE,Garin Baker,"Then and Now; Swimming Pool",Oil on Canvas,2007,Mural,"Turkey Thicket Recreation Center, located in Center",1100 michigan avenue ne,brookland,"mural - 9'x 12'; banners 2'x6'",5,Temporary,MuralsDC,
-77.040902010660702,38.919683577721401,30,1742 KALORAMA ROAD NW,Cita Sadeli,Closeup,Aerosol paint,2011,Mural,"Champlain Park, mural located on side of residential building",1742 kalorama road nw,adams morgan,"1,110 sq. feet",1,Permanent,Inter District DCPL,
-77.044457557209384,38.910854144520783,31,1528 CONNECTICUT AVENUE NW,Ethelbert Miller,We Embrace,Engraved concrete,2006,Interactive Installation,"Dupont Circle Metro Station, located behind entrance in plaza on Connecticut Avenue",1546 connecticut avenue nw,dupont circle,,2,Temporary,MuralsDC,
-77.028777281267949,38.91727232966111,32,1213 U STREET NW,Aneikan Udofia,Ben's Mural,Aerosol paint on brick,2012,Mural,"Ben's Chili Bowl, mural located on right side of building",1213 u street nw,shaw,12' x 20',1,Permanent,PABC Grant,
-77.021538741276473,38.908997566756113,33,1401 7TH STREET NW,Joan Danziger,Acrobatic Troupe,Mixed media,2006,Sculpture,"Kennedy Recreation Center, located inside lobby",1401 7th street nw,shaw,"Approx. 8 feet H, each",6,Temporary,MuralsDC,
-76.995226763823808,38.925242468971156,34,711 EDGEWOOD STREET NE,Drew Liverman,Metro Branch Trail,Aerosol paint,2011,Mural,"Mural is located along the Metro Branch Trail at 8th & Edgewood Street, NE",711 edgewood street ne (behind building),edgewood,544 sq. feet,5,Permanent,Neighborhood Projects,
-76.981056822253834,38.86620812171725,35,1640 GOOD HOPE ROAD SE,Aniekan Udofia,Frederick Douglas,Aerosol paint,2011,Mural,"Bread for the City, located on right side of building, 2nd floor",1640 good hope road se,anacostia,360 sq. feet,8,Temporary,MuralsDC,
-77.038748736816061,38.924952920220477,36,1658 COLUMBIA ROAD NW,Karla 'Karlisima' Rodas,The Light of the World,Paint,2010,Mural,"The Potters House, located on front of buidling, second floor",1658 columbia road nw,adams morgan,,1,Permanent,Commissioned Project,
-77.024329460628451,38.909916590802219,37,1500 9TH STREET NW,Byron Peck,Shaw Community Mural,KEIM Mineral Paint,2008,Mural,"Shiloh Baptist Church Research Center, located on side of building",1500 9th street nw,shaw,1400 sq. feet,6,Permanent,Art Bank,
-77.046777675607743,38.923517388759748,38,1967 CALVERT STREET NW,Karla 'Karlisima' Rodas,Mama Ayesha Welcomes Presidents,"Paint, tile",2009,Mural,"Mama Ayesha's Restaurant, mural located on side of building",1967 calvert street nw,adams morgan,30 x 12',1,Temporary,MuralsDC,
-76.989163111739373,38.866676872073846,39,2005 MARTIN LUTHER KING JR AVENUE SE,Bryan Conner,Light Mural,Aerosol paint,2011,Mural,"Residential building, located on side of building facing U Street",2005 martin luther king jr avenue se,anacostia,150' x 50',8,Permanent,Art Bank,
-77.015606791138069,38.91767678293148,40,239 ELM STREET NW,Garin Baker,This Is How We Live,Alkyd paint on primed existing building exterior,2008,Mural,"The Park At LeDroit, located alongside residential building facing park",239 elm street nw,ledroit park,30' x 30',1,Permanent,Inter District DPR,
-77.032405818770911,38.917451816558355,41,2000 14TH STREET NW,Walter Kravitz,U Street Sound,Enamel on polycarbonate,1997,Sculpture,"Frank D. Reeves Municipal Center, Center Lobby",2000 14th street nw,shaw,80' x 125',1,Temporary,MuralsDC,
-76.947773314656317,38.894188678040557,42,3935 BENNING ROAD NE,Life Pieces to Masterpieces,Dreams of Tomorrow,Acrylic on canvas,2009,Mural,"Benning Library, Dorothy Irene Height Library, located inside library",3935 benning road ne,benning,,7,Temporary,MuralsDC,
-77.02135260083837,38.935010668742336,43,693 OTIS PLACE NW,Helen Metaferai and Latin American Youth Center,Parkview Stories,Acrylic on concrete,2011,Mural,"Park View Recreation Center, mural located on front & back of building",693 otis place nw,park view,108 x 10',1,Temporary,MuralsDC,
-77.027778697056036,38.943616023378759,44,4400 IOWA AVENUE NW,Juan Pineda,Language Access For All In DC,Aerosol paint on brick,2012,Mural,"McFarland Middle School, mural located on outside of building",4400 iowa avenue nw,petworth,22' x 25',4,Permanent,Downtown Projects,
-77.008236280694931,38.967786951038654,45,20 TUCKERMAN STREET NE,Byron Peck,Lamond Recreation Center,Ceramic tile,2008,Mural,"Lamond Recreation Center, located on outside of building façade near entrance",20 tuckerman street ne,lamond-riggs,12 x 16',4,Permanent,PABC Grant,
-76.997585461486707,38.843394341804078,46,600 ALABAMA AVENUE SE,The Midnight Forum Artists,Untitled,Aerosol paint,2008,Mural,"Liff's Convenience Store, mural located on corner of Alabama Avenue & Randle Place, SE, facing Randle Place",600 alabama avenue se,congress heights,120 sq. feet,8,Temporary,MuralsDC,
-77.032401344477378,38.962168359750038,47,1375 MISSOURI AVENUE NW,Cecilia Lueza,"The Birth of Our Dreams, Homage to Maria Rodriguez (aka Jean Butler)",Aerosol paint,2013,Mural,"Bilingual Public Charter School, mural located on outside of school",1375 missouri avenue nw,brightwood,,4,Permanent,PABC Grant,
-77.020692625820288,38.913923030592066,48,614 S STREET NW,Byron Peck,Myth of Zacharias,Aerosol paint,2008,Mural,"New Community Church, located on side of building in alley way",614 s street nw,shaw,800 sq. feet,6,Permanent,Art in the Metro,
-77.032316991681455,38.943321186550278,49,4300 ARKANSAS AVENUE NW,"Words, Beats and Life",Upshur Park,Aerosol paint,2008,Mural,Located within Upshur park near Recreation Center,4300 arkansas avenue nw,16th street heights,994 sq. ft.,4,Temporary,MuralsDC,
-77.014594175245009,38.900648982457,50,251 H STREET NW,Val Lewton,Air Shaft Tunnel,Acrylic on concrete,1992,Mural,"Behind the Mayer Mitchell Building, Air Shaft Tunnel, 3rd & H Street",219 h street nw,downtown,20' x 27' each,6,Temporary,MuralsDC,
-76.988204949929724,38.848125456151159,51,1100 ALABAMA AVENUE SE,Matthew Barinholtz,Floating Home,Wood and wood veneers on engineered panels,2010,Suspended,Saint Elizabeth Hospital- Forensic Lobby entrance ceiling,1100 alabama avenue se,saint elizabeth's,"Panel - 144"" x 48"" x 4""; boats vary - 12"" x 4"" x 4"" to 48"" x 20"" x 20""",8,Temporary,MuralsDC,
-77.027851362902268,38.95864270895283,52,5701 GEORGIA AVENUE NW,Cheryl Foster,"Emery, You Light Up Our Lives","Acrylic, LED lights",2006,Sculpture,"Emery Recreation Center, located inside Center",5701 georgia avenue nw,brightwood,spans 60',4,Permanent,PABC Grant,
-76.995047096658496,38.853735049618614,53,2720 MARTIN LUTHER KING JR AVENUE SE,Karen Olivia Brown,Earth Point,Mixed media on wood panels,2003,Wall Mural- interior,United Communications Center lobby,2720 martin luther king jr avenue se,saint elizabeth's,"Two panels: 7 1/2' x 24""; Three Panels: 7 1/2"" x 30""; 1 Panel: 7 1/2' x 22""; and 1 Panel: 7 1/2' x 32""",8,Permanent,Commissioned Project,
-77.016158729287241,38.920952496571452,54,301 BRYANT STREET NW,"Words, Beats and Life",Fule for the Fire,Aerosol paint on concrete,2011,Mural,"Retaining wall, DC Water Byrant Street Pumping Station",301 bryant street nw,pleasant plains,130' x 22',1,Temporary,MuralsDC,
-77.031355173392299,38.895010139722928,55,1350 PENNSYLVANIA AVENUE NW,"Multiple Artists, over 200 works of art on display by 100 Metropolitan area artists",HeArt of DC City Hall Art Collection,,2006-2008,Art Installation,"John A. Wilson Building, art work located on each floor of building",1350 pennsylvania avenue nw,downtown,,2,Permanent,Neighborhood Projects,
-76.962633763312169,38.858613906123416,56,3100 DENVER STREET SE,Walter Kravitz,Hillcrest Recreation Center,Enamel on polycarbonate,2007,"Sculpture, suspended","Hillcrest Recreation Center, located in Center",3100 denver street se,hillcrest,,7,Permanent,Community Initiatives,
-76.934081892019194,38.903086162901289,57,4748 SHERIFF ROAD NE,Juan Pineda,Greetings from Deanwood,Aerosol paint,2010,Mural,"A&S Grocery Store, mural located on side of buidling",4748 sheriff road ne,deanwood,46 x 17',7,Permanent,Neighborhood Projects,
-77.034045572325653,38.933724337528297,58,1435 MERIDIAN PLACE NW,Aniekan Udofia,Untitled,Aerosol paint,2008,Mural,"Located at residence, on side of building along driveway",1435 meridian place nw,columbia heights,558 sq. feet,1,Permanent,Inter District DPR,
-77.023570818200483,38.930170799974157,59,3200 GEORGIA AVENUE NW,Joel Bergner,Daughter of Oshun in the World,Acrylic on wood,2008,Mural,"Morgan's Seafood Restaurant, mural located on outside of buidling",3200 georgia avenue nw,park view,25 x 15',1,Permanent,Inter District DPR,
-77.045333940453546,38.901680748739601,60,2001 PENNSYLVANIA AVENUE NW,John Dreyfus,Solomon's Gate,Bronze,1993,Sculpture,"James Monroe Building, front sidewalk",2001 pennsylvania avenue nw,downtown,"14' H, each",2,Permanent,Art in the Metro,
-77.044155906566004,38.907737516152125,61,1912 SUNDERLAND PLACE NW,Peter Waddell,The Toy Theater,Paint on brick,2012,Mural,"Griffin & Murphy, mural located on side of building facing parking lot",1912 sunderland place nw,dupont circle,60 x 60,2,Permanent,Community Initiatives,
-77.015763372282265,38.913456086724103,62,312 FLORIDA AVENUE NW,Aniekan Udofia,The Girl with the Pencil,Aerosol paint,2013,Mural,"Kuumba Kollectibles, mural located on side of building facing parking lot",312 florida avenue nw,shaw,,5,Permanent,Community Initiatives,
-77.021095471142829,38.915346996403883,63,620 T STREET NW,Browner Hatcher & Sean Hennessy,Jazz Man,"Stainless Steel Rods and Plates, plated brass, copper, series 38 power coating, chrome and stainless reflective discs and LED lights",2012,Sculpture,"Howard Theater, sculpture is located on roof of building",620 t street nw,shaw,7 1/2' tall,1,Temporary,Neighborhood Projects,
-77.033027565481106,38.928618449711507,64,3030 14TH STREET NW,Akili Ron Anderson,Sankofa I and II,Stained glass,2002,Stained glass,"Columbia Heights Metro Station, located inside Metro station",3030 14th street nw,columbia heights,,1,Permanent,Inter District DPR,
-77.024676502258131,38.920897768981938,65,907 BARRY PLACE NW,Albus Cavus,Seasons in the City,Aerosol paint,2009,Mural,"Refrigeration Supply Co, located on corner of Sherman Avenue & Barry Place, NW, facing Sherman Avenue",907 barry place nw,shaw,100 x 20',1,Temporary,MuralsDC,
-77.033008406668841,38.938826305904811,66,3904 14TH STREET NW,"Words, Beats and Life",My DC,Aerosol paint,2009,Mural,"14th Street Mini Market, mural located on side of building",3904 14th street nw,16th street heights,81 x 15',4,Permanent,Art in the Metro,
-77.029955498524217,38.931473831156964,67,3400 13TH STREET NW,Alicia Cosnahan,Wall to Wall,Aerosol paint on concrete,2012,Mural,"Park Market, mural located on half wall & side of building",3400 13th street nw,columbia heights,6' x 28' and 2.2' x 11',1,Temporary,MuralsDC,
-77.027861606488671,38.918750458410656,68,2119 12TH STREET NW,Kelly Towles,Scout,"Acrylic, Aerosol paint",2010,Mural,"Located on side of Residence facing empty lot- 12th + W Street, NW",2119 12th street nw,columbia heights,50 x 30',1,Permanent,Inter District DPR,
-76.975790764510194,38.926830207508083,69,2901 20TH STREET NE,,,,2014,Sculpture,Chuck Brown Memorial Park,2901 20th street ne,langdon,,5,Temporary,MuralsDC,
-76.99278172781527,38.862197176429554,70,2420 MARTIN LUTHER KING JR AVENUE SE,"Words, Beats and Life","Many Voices, Many Beats, One City","Spray paint, paint on concrete",2008,Mural,"MLK Grocery Store, located on side of building facing parking area",2420 martin luther king jr avenue se,anacostia,90 x 33',8,Temporary,MuralsDC,
-76.994733485957852,38.925973292638282,71,2801 8TH STREET NE,"Rodney ""Buck"" Herring, Wesley Clark, and Brandon Hill (A.M. Radio)",Movement,Aerosol paint,2008,Mural,Mural located under Franklin Street Underpass,2801 8th street ne,edgewood,689 sq. feet,5,Temporary,PABC Grant,
-76.983079524742905,38.870091507624799,72,1601 16TH STREET SE,Roberto Delgado,Agitate,Brushed acrylic on fiberglass mesh on shaped foamcore,2012,"Sculpture, installation","Anacostia Senior High, installation located in lunchroom of school",1601 16th street se,anacostia,,8,Temporary,MuralsDC,
-76.993940832962863,38.900412993979742,73,822 H STREET NE,Karla 'Karlisima' Rodas,Expressive Sign Project: Stan's Discount Clothes,Oil paint on aluminum,2004,"Architectural, sign","Stan’s Inc., business sign",822 h street ne,atlas district,,6,Permanent,PABC Grant,
-76.991156067468239,38.900401195621384,74,1106 H STREET NE,Valerie Theberge,Expressive Sign Project: Hillman and Son's Barbershop,Glass tiles,2004,"Architectural, sign","Hillman and Son Barber Shop, business sign",1106 h street ne,atlas district,,6,Temporary,MuralsDC,
-77.027037739910057,38.980288354069415,75,7420 GEORGIA AVENUE NW,Sam Gilliam,Library Stars/Library Obelisk,Patinated copper,2000,Sculpture,"Juanita E. Thornton, Shepherd Park Branch Library, sculpture attached to front of building",7420 georgia avenue nw,shepherd park,"19' 6"" x 5' 6"" x 2""",4,Permanent,Community Initiatives,
-76.997445199753002,38.84548736109496,76,2921 MARTIN LUTHER KING JR AVENUE SE,Daniel Rosnedvalles and Justin Poppe,Martha Washington,Aerosol paint,2013,Mural,Mellon Convenience Store,2921 martin luther king jr avenue se,congress heights,,8,Permanent,Neighborhood Projects,
-77.029398870954651,38.898141145840754,77,607 13TH STREET NW,Hazel Rebold,Ribbons and Jewels,Stained glass,1991,"Architectural, stained glass","Metro Center Station, located inside station entrance 13th & G Street",607 13th street nw,downtown,,2,Permanent,Inter District DPR,
-76.925527623854748,38.897871847617544,78,615 DIVISION AVENUE NE,,Metamorphosis,Aerosol paint on concrete,2009,Mural,"A-1 Grocery Store, located on side of building facing gas station",615 division avenue ne,lincoln heights,76 x 14',7,Permanent,PABC Grant,
-76.952154524738177,38.888113864697061,79,3600 B STREET SE,Esther Wertheimer,Celebration,Bronze,2008,Sculpture,"Triangle View Senior Residence, located behind building in back courtyard, viewable on Anacosita Road, SE",3600 b street se,fort dupont,10' x 6',7,Temporary,MuralsDC,
-77.01279478559168,38.875023592504164,80,201 N STREET SW,Walter Kravitz,City Sports,"Glass, paint",2007,"Mural, glass","King Greenleaf Recreation Center, located in Center",201 n street sw,southwest,between 5' and 8' high. Each,6,Permanent,Inter District DPR,
-76.9821542164091,38.925785396642112,81,1513 RHODE ISLAND AVENUE NE,Hamilton Glass,Untitled,Aerosol paint,2013,Mural,"Good Ol' Reliable Liquor, mural located on front of building",1513 rhode island avenue ne,langdon,,5,Temporary,MuralsDC,
-76.980644691018625,38.903889494445572,82,1101 BLADENSBURG ROAD NE,Michael Owen,Untitled,Aerosol paint,2013,Mural,"Sullivan's Southern Style Seafood, mural located on side of building",1101 bladensburg road ne,trinidad,,5,Temporary,MuralsDC,
-77.02344153941759,38.925316155065737,83,721 FAIRMONT STREET NW,The Midnight Forum Artists,Untitled,Aerosol paint,2008,Mural,Howard University Parking Lot,721 fairmont street nw,shaw,950 sq. feet,1,Temporary,MuralsDC,
-77.02994677765534,38.916779370049355,84,1300 U STREET NW,Alfred J. Smith,Community Rhythms,Paint on board,1995,Mural,"U Street/Cardozo Metro Station, located inside station entrance",1300 u street nw,shaw,4' x 106',1,Temporary,MuralsDC,
-77.024163391898909,38.906056278055978,85,1208 9TH STREET NW,Coby Kennedy,DC 500,Aerosol paint,2010,Mural,"Squares Fashion, mural located on side of building",1208 9th street nw,mount vernon,,2,Permanent,Downtown Projects,
-77.040993868565934,38.924215183485018,86,1747 COLUMBIA ROAD NW,"Midnight Forum, Lead Artist: Aniekan Udofia",Building Together,Aerosol paint,2010,Mural,"Safeway, mural located in alley way",1747 columbia rd nw,adams morgan,,1,Permanent,Neighborhood Projects,
-77.008529036331282,38.872367224165124,87,1500 SOUTH CAPITOL STREET SE,Walter Kravitz,The Ball Game,Enamel on polycarbonate,2009,Suspended installation,"Nationals Baseball Stadium, installation suspended in the entrance of the Grand Staircase",1500 south capitol street se,navy yard,28 feet high x 42 ft. wide x 44 ft. deep,6,Permanent,Inter District DPR,
-77.019474425019155,38.89784459476035,88,600 5TH STREET NW,Alex Mayer,Untitled - Circles I,Mixed media,2007,Mural,"Washington Metropolitan Area Transit Authority building, located in lobby",600 5th street nw,dupont circle,10' x 30',2,Permanent,Art in the Metro,
-77.028099858874228,38.930206912976338,89,3222 11TH STREET NW,Kevin Irvin Irvin,BloomBars,Aerosol paint,2011,Mural,"BloomBars, mural located on right side of building 2nd floor, not in alleyway",3222 11th street nw,columbia heights,,1,Temporary,MuralsDC,
-76.987777565082595,38.845397655841545,90,1290 ALABAMA AVENUE SE,Anne Allardyce-Tully,East of the River: Connections,Steel,2006,Sculpture,"Congress Heights Metro Station, located outside of entrance corner of 13th Street & Alabama Avenue, SE",1290 alabama avenue se,congress heights,,8,Permanent,Art in the Metro,
-76.984126384470017,38.880106472764346,91,1432 PENNSYLVANIA AVENUE SE,"Albus Cavus, Lead Artist: Decoy",Sousa's New Marine Band,Aerosol paint,2010,Mural,"Wisdom Lounge, mural located on side of building facing parking lot",1432 pennsylvania avenue se,capitol hill,,6,Temporary,MuralsDC,
-77.017540990397521,38.974317619167834,92,6925 BLAIR ROAD NW,Coby Kennedy,Untitled,Aerosol paint,2013,Mural,"Behind S&S Fine Wine & Spirits, located on partition wall",6925 blair road nw,takoma,,4,Temporary,MuralsDC,
-76.947464867308241,38.900428184523008,93,765 KENILWORTH TERRACE NE,Washington Glass School,Community Gateway,"Welded steel, cast and fused glass",2014,Sculpture,Unity-Parkside Community Health Center,765 kenilworth terrace ne,parkside,16',7,Permanent,Commissioned Project,
-77.023442266197065,38.899079272761433,94,701 9TH STREET NW,"Albert Paley, Paley Studios Ltd.",Epoch,"Formed and fabricated steel, polychrome",2004,Sculpture,"PEPCO Headquarters, outdoor plaza 9th & G Street, NW",701 9th street nw,penn quarter,12’ x 10’ 7” x 24’,2,Permanent,Downtown Projects,
-77.025366126067169,38.916443542607034,95,1925 VERMONT AVENUE NW,Ed Hamilton,Spirit of Freedom Memorial,Bronze,1998,Sculpture,Memorial located across the street from the African American Civil War Museum,1925 vermont avenue nw,shaw,9',1,Permanent,Neighborhood Projects,
-77.031303031287763,38.916752530073559,96,1344 U STREET NW,Latin American Youth Center Artists,Untitled,Aerosol paint,2008,Mural,Located on side of building in alley way,1344 u street nw,shaw,485 sq. feet,1,Temporary,MuralsDC,
-76.986148804783156,38.844986598807175,97,1351 ALABAMA AVENUE SE,"Albus Cavus, Lead Artists: Peter Krsko, Jazirock, Michael Pinnix",Explore and Learn,Aerosol paint,2010,Mural,"Malcolm X Elementary School, mural located on front of building",1351 alabama avenue se,congress heights,,8,Temporary,MuralsDC,
-77.024714762186193,38.937128758419739,98,3700 GEORGIA AVENUE NW,Lisa Scheer,New Leaf,"Bronze, granite pedestal",2007,Sculpture,"Georgia Avenue, Petworth Metro Station, located outside of metro entrance",3700 georgia avenue nw,petworth,8' x 4 1/2' x 2 1/2',4,Permanent,Art in the Metro,
-77.006357969346055,38.906094997825655,99,1200 1ST STREET NE,NaDaaa Design Firm,First Street Sculpture,"Tension Cables, Compression Legs",2014,Sculpture,Corner of M Street & 1st Street,1200 1st street ne,noma,,6,Permanent,PABC Grant,
-77.018708594760895,38.902939938343032,100,1035 5TH STREET NW,Ethan Kerber,Inspiration,Metal sheets,2010,Architectural,"City Vista, sculpture located on building grate",1035 5th street nw,mount vernon,25' x 25',6,Permanent,Neighborhood Projects,
-77.044889997072929,38.91113414856374,101,20TH STREET NW AND Q STREET NW,Walter Whitman,"excerpt from ""Leaves of Grass""",Engraved concrete,2006,"Architectural, engraving","Dupont Circle Metro Station, located outside metro station entrance",20th street nw and q street nw,dupont circle,,2,Permanent,Art in the Metro,
-77.01892994567585,38.902528941479311,102,5TH STREET NW AND K STREET NW,David Black,Lift Off,"3/8th inch Aluminum, Polyurethane Coating",2010,Sculpture,"City Vista, sculpture located in plaza",5th street nw and k street nw,mount vernon,19 x 29 x 39',6,Permanent,Neighborhood Projects,
-77.044072004014936,38.915562167876153,103,FLORIDA AVENUE NW AND T STREET NW,Zachary Oxman,Encore,Stainless steel,2012,Sculpture,"Ellington Plaza, sculpture located in middle of plaza",florida avenue nw and t street nw,shaw,70”w x 95”l x 240”h,2,Permanent,Neighborhood Projects,
-77.003305008346743,38.877434959841239,104,2ND STREET SE AND M STREET SE,David Hess,Waterline,Stainless Steel,2012,Sculpture,"Washington Canal Park, sculpture located in Park",2nd street se and m street se,capitol riverfront,"9'x13'x14', 9'x14'x16', 16'x14'x10'",6,Permanent,Commissioned Project,
-77.032318611775167,38.925509337507989,105,14TH STREET NW AND GIRARD STREET NW,"Words, Beats and Life",The Watcher,Aerosol paint,2009,Mural,"Community Park, located in basketball court along retaining wall",14th street nw and girard street nw,columbia heights,,1,Permanent,Community Initiatives,
-76.989365713970571,38.868277436766476,106,GOOD HOPE ROAD SE AND MARTIN LUTHER KING JR AVENUE SE,Wilfredo Valladares,Journey Anacostia,"Weathered steel, stained glass, paint",2013,Mural and Sculpture,"Located in open lot on corner of Good Hope Road & Martin Luther King, Jr. Avenue",good hope road se and martin luther king jr avenue se,anacostia,Bottom: H 11' x 4' x 3' - Top: L 14' x 3' x 3',8,Permanent,Commissioned Project,
-77.005887130566052,38.871984357145102,107,1ST STREET SE AND POTOMAC AVENUE SE,Byron Peck and La Toya Middleton,Diamond Teague Memorial,"Ceramic, glass tile on steel",2011,Sculpture,"Diamond Teague Park, located within park near Nationals Park",1st street se and potomac avenue se,southwest waterfront,18 x 14 x 16',6,Permanent,Inter District DMPED,
-77.039448124704421,38.902530886290528,108,CONNECTICUT AVENUE NW AND K STREET NW,Jefre Manuel,Pulse,Acrylic Resin Tile and lights,2013,Light Installation,"Farragut North Metro Station, installation located in metro station entrance",connecticut avenue nw and k street nw,downtown,55',2,Permanent,PABC Grant,
-77.038852798906859,38.931388876007979,109,LAMONT STREET NW AND 17TH STREET NW,Hester Nelson,Lamont Park,"Tearra cotta, wood, tile mural, and decorative pavers",1995,Architectural,"Lamont Park, located in square",lamont street nw and 17th street nw,lamond-riggs,8' columns (2),1,Permanent,Community Initiatives,
-76.983444701146183,38.900138540307061,110,BLADENSBURG ROAD NE AND BENNING ROAD NE,Steven Weitzman,Cornerstones of History,Reinforced FOTERA® Concrete Terrazzo,2010,Mural,Starburst Intersection Plaza,bladensburg road ne and benning road ne,langston,6' x 32',5,Permanent,Neighborhood Projects,
-77.028106247593087,38.882838645779074,111,12TH STREET SW AND MAINE AVENUE SW,Byron,Southwest Gateway,Mosaics,2008,Mural,"Southwest Gateway, mosaics are located along walls within each tunnel",12th street sw and maine avenue sw,southwest,"2,400 sq. foot",6,Permanent,Neighborhood Projects,
-77.072299327783924,38.918347477836363,112,W PLACE NW AND TUNLAW ROAD NW,Jarrett Ferrier,A Dedication to the Dedicated,"Mural-Latex and acrylic paint, top coated with flat polyurethane w/UV protectant qualities. Arch- Iron and painted black gloss",2014,Mural,Pedestrian stairs between 37th & Tunlaw Streets,w place nw and tunlaw road nw,burleith,Arch approx:12'wide with a 7' opening and 9'high Mural 11'high 16'long,3,Permanent,PABC Grant,
-77.021914335739638,38.886330110265497,113,7TH STREET SW AND MARYLAND AVENUE SW,William Wegman,Space Set,Porcelain enamel,2004,Photography,"L' Enfant Plaza Metro Station, located inside metro station",7th street sw and maryland avenue sw,southwest,10' dia.,6,Permanent,Art in the Metro,
-77.041414151002726,38.923520944089546,114,COLUMBIA ROAD NW AND CHAMPLAIN STREET NW,Jerome Meadows,Carry the Rainbow on Your Shoulders,Mixed media sculpture,1997,Sculpture,"Unity Park, intersection plaza- between Columbia Road, Champlain Street, & Euclid Street, NW",columbia road nw and champlain street nw,adams morgan,"8'x10',fountain: 5""x3' 1/2""",1,Permanent,Community Initiatives,
-77.039449632006907,38.901347835241339,115,17TH STREET NW AND I STREET NW,Michael Enn Sirvet,Farragut Spheres,"Aluminum, LED lighting elements",2012,Sculpture,"Farragut West Metro Station, located inside station entrance",17th street nw and i street nw,downtown,"Installation, variable",2,Permanent,PABC Grant,
-77.02066041322,38.915745873140381,116,FLORIDA AVENUE NW AND T STREET NW,Zachary Oxman,Encore,Stainless steel,2012,Sculpture,"Ellington Plaza, sculpture located in middle of plaza",florida avenue nw and t street nw,shaw,70”w x 95”l x 240”h,1,Permanent,Neighborhood Projects,
-77.032643383852189,38.928814415504867,117,14TH STREET NW AND IRVING STREET NW,Megan Walsh and Casa Del Pueblo Youth,Woven Identities,"Aerosol paint, MDF panels, wood, aluminum; neon tubes",1999,Installation,"Columbia Heights Metro Station, located inside Metro station",14th street nw and irving street nw,columbia heights,6' x 33',1,Permanent,Art in the Metro,
-77.044687320051466,38.924031138891621,118,ADAMS MILL ROAD NW AND ONTARIO PLACE NW,Aniekan,Untitled,Aerosol paint,2009,Mural,"Walter Pierce Park enterance, mural located along retaining wall near playground in front of basketball court",adams mill road nw and ontario place nw,mount pleasant,"2 walls- 225 sq. ft., front; 300 sq. ft., back",1,Temporary,MuralsDC,
-77.021916433126066,38.905651282344834,119,7TH STREET NW AND M STREET NW,Wendy Ross,Transit,Welded and coiled steel,2007,Suspended,"McPherson Sq Metro Station, artwork located  through architectural openings of the building façade",7th street nw and m street nw,mount vernon,2 spheres at 5 ft. 1 sphere at 6 ft. and one portal,6,Temporary,Art in the Metro,
-77.016167176488622,38.969931166130685,120,3RD STREET NW AND VAN BUREN STREET NW,Anne Marchand,"Building Blocks, High Up Close to Heaven",Acrylic on dibond panels,2006,Mural,"Takoma Recreation Center, located inside Center",3rd street nw and van buren street nw,takoma,7' x 18',4,Permanent,Inter District DPR,
-76.999644068604283,38.915666742466435,121,5TH STREET NE AND T STREET NE,"Midnight Forum, Lead Artist: Asad Walker",Changing Gears,Aerosol paint,2010,Mural,"Metropolitan Branch Bike Trail NE, mural located on bike trail not visible by public street",5th street ne and t street ne,eckington,,5,Temporary,MuralsDC,
-77.038524709973331,38.901352695846086,122,17TH STREET NW AND I STREET NW,Michael Enn Sirvet,Farragut Spheres,"Aluminum, LED lighting elements",2012,Sculpture,"Farragut West Metro Station, located inside station entrance",17th street nw and i street nw,downtown,"Installation, variable",2,Permanent,PABC Grant,
-76.950301001285112,38.900500050983631,123,GRANT PLACE NE AND BURNHAM PLACE NE,Barton Rubenstein,Huddle Up,Stainless steel,2014,Sculpture,"Parkside Plaza, sculptures located in park (Water)",grant place ne and burnham place ne,parkside,6 x 2.2' x 8 x 3.1' x 10 x 4',7,Permanent,PABC Grant,
-76.988204949929724,38.848125456151159,124,1100 ALABAMA AVENUE SE,Sheila Crider,St. Elizabeth's Mural,"Acrylic, graphite and paper on art board",2010,Mural,Saint Elizabeth Hospital- wall located in Forensic hallway,1100 alabama avenue se,saint elizabeth's,"7' x 33' x2""",8,Permanent,Neighborhood Projects,
-76.988204949929724,38.848125456151159,125,1100 ALABAMA AVENUE SE,Bill Gibbons,St. Elizabeth's Hospital,"Acrylic on canvas, glued to wall",2010,Mural,"Saint Elizabeth Hospital- main entrance to hospital, near reception desk",1100 alabama avenue se,saint elizabeth's,8 x 20',8,Permanent,Neighborhood Projects,
-76.988204949929724,38.848125456151159,126,1100 ALABAMA AVENUE SE,Walter Kravitz,Butterflies at Night,Acrylic urethane on polycarbonate,2010,Suspended,Saint Elizabeth Hospital campus,1100 alabama avenue se,saint elizabeth's,"12' x 12' x 28'; 13 suspended disks each 4' diam.",8,Permanent,Neighborhood Projects,
-76.988204949929724,38.848125456151159,127,1100 ALABAMA AVENUE SE,Nestor Madalengotia,Windows Into Home,Acrylic on board,2010,Mural,"Saint Elizabeth Hospital, Civil corridor",1100 alabama avenue se,saint elizabeth's,4 panels - 12' x 8' each,8,Permanent,Neighborhood Projects,
-76.988204949929724,38.848125456151159,128,1100 ALABAMA AVENUE SE,Roderick Turner,Healing Gardens,Acrylic paint on dibond panels,2010,Mural,Saint Elizabeth Hospital campus,1100 alabama avenue se,saint elizabeth's,4 x 30',8,Permanent,PABC Grant,
-76.93215784256401,38.908452418628208,129,1350 49TH STREET NE,Cheryl Foster,Deanwood Rocks,"Mosaic, stainless steel",2013,Sculpture,"Deanwood Recreation Center, sculpture located in front of building entrance",1350 49th street ne ,deanwood,14-16' tall,7,Permanent,Commissioned Project,
-76.93215784256401,38.908452418628208,130,1350 49TH STREET NE,Amber Robles-Gordon,Beyond the Visual Rainbow,"Chicken wire, fabric",2013,"Installation, wall hanging sculpture","Deanwood Recreation Center Library, installation located inside library",1350 49th street ne ,deanwood,50',7,Permanent,Commissioned Project,
-76.988352295631117,38.892011131986081,131,13TH STREET NE AND CONSTITUTION AVENUE NE,Marcia Billig,Balance,Bronze,,Sculpture,"North Lincoln Park Triangle Island, located a crossed from Maury Elementary School between 13th Street & Tennessee Avenue, NE","13th street ne & tennessee avenue, ne & constitution avenue ne",north lincoln park,12' tall x 2' wide x 2' deep  base 2' x  2' x 3',6,Permanent,Community Initiatives,
-77.029703182016675,38.94872784105852,132,13TH STREET NW AND ARKANSAS AVENUE NW,Jerome Meadows,"Together We Live, Together We Rise","Stone, colored concrete pathway inset with mosaics",2004,"Sculpture, mosaic","Elms Church Terrell Park, located inside park",13th street nw & arkansas avenue nw & emerson street nw,16th street heights,"1st: 6 1/2' x 30"" x7', 2nd: 12' x 5""; Walkway: 8'",4,Permanent,Community Initiatives,
-77.008529036331282,38.872367224165124,133,1500 SOUTH CAPITOL STREET SE,Timeless Creations,"Josh Gibson, Frank Howard and Walter Johnson",White bronze,2009,Sculpture,"Nationals Baseball Stadium, sculptures located inside main gate of stadium",1500 south capitol street se,navy yard,7 1/2 - 8' each,6,Permanent,Neighborhood Projects,
-77.008529036331282,38.872367224165124,134,1500 SOUTH CAPITOL STREET SE,Thomas Sayer,Curveball,"Polished stainless, cables, LED light",2010,Sculpture,"Nationals Baseball Stadium, work located  along parking deck",1500 south capitol street se,navy yard,6-8' dia. Each,6,Permanent,Commissioned Project,
-76.978627807395,38.865915649665844,135,1800 GOOD HOPE ROAD SE,Kamala Subramanian,Freedom of Mind,"Mixed, acrylic, watercolor, graphite, ink",2010,Mural,"Anacostia Library, mural located inside building",1800 good hope road se,anacostia,,8,Permanent,Inter District DCPL,
-77.001306499826015,38.900212686049244,136,H STREET NE FROM 3RD STREET NE TO 4TH STREET NE,Wilfredo Valladares,"DC8 Totem Poles, Totem 1",Wood,2010,Sculpture,Metropolitan Branch Trail (MBT) at the Rhode Island Entrance in NE,"300 block of h street ne (between 3rd & 4th street, ne)",old city,"8' x 90""",6,Permanent,Commissioned Project,
-77.001306499826015,38.900212686049244,137,H STREET NE FROM 3RD STREET NE TO 4TH STREET NE,Wilfredo Valladares,"DC8 Totem Poles, Totem 2","Acrylic panels, resin",2010,Sculpture,Metropolitan Branch Trail (MBT) at the Rhode Island Entrance in NE,"300 block of h street ne (between 3rd & 4th street, ne)",old city,9' x 2',6,Permanent,Commissioned Project,
-77.001306499826015,38.900212686049244,138,H STREET NE FROM 3RD STREET NE TO 4TH STREET NE,Wilfredo Valladares,"DC8 Totem Poles, Totem 3","Steel, corten steel, solar panels",2010,Sculpture,Metropolitan Branch Trail (MBT) at the Rhode Island Entrance in NE,"300 block of h street ne (between 3rd & 4th street, ne)",old city,9' x 2 1/2',6,Permanent,Commissioned Project,
-77.001306499826015,38.900212686049244,139,H STREET NE FROM 3RD STREET NE TO 4TH STREET NE,Wilfredo Valladares,"DC8 Totem Poles, Totem 4","Reclaimed wood, paint",2010,Sculpture,Metropolitan Branch Trail (MBT) at the Rhode Island Entrance in NE,"300 block of h street ne (between 3rd & 4th street, ne)",old city,8',6,Permanent,Commissioned Project,
-77.001306499826015,38.900212686049244,140,H STREET NE FROM 3RD STREET NE TO 4TH STREET NE,Wilfredo Valladares,"DC8 Totem Poles, Totem 5","Wood, paint, LCD screen",2010,Sculpture,Metropolitan Branch Trail (MBT) at the Rhode Island Entrance in NE,"300 block of h street ne (between 3rd & 4th street, ne)",old city,"8' x 21""",6,Permanent,Commissioned Project,
-77.001306499826015,38.900212686049244,141,H STREET NE FROM 3RD STREET NE TO 4TH STREET NE,Wilfredo Valladares,"DC8 Totem Poles, Totem 6","Polyester resin, paint, wood, steel",2010,Sculpture,Metropolitan Branch Trail (MBT) at the Rhode Island Entrance in NE,"300 block of h street ne (between 3rd & 4th street, ne)",old city,9 1/2',6,Permanent,Commissioned Project,
-77.001306499826015,38.900212686049244,142,H STREET NE FROM 3RD STREET NE TO 4TH STREET NE,Wilfredo Valladares,"DC8 Totem Poles, Totem 7","Wood, corten steel, photographs on acrylic panels",2010,Sculpture,Metropolitan Branch Trail (MBT) at the Rhode Island Entrance in NE,"300 block of h street ne (between 3rd & 4th street, ne)",old city,11',6,Permanent,Commissioned Project,
-77.001306499826015,38.900212686049244,143,H STREET NE FROM 3RD STREET NE TO 4TH STREET NE,Wilfredo Valladares,"DC8 Totem Poles, Totem 8",Wood,2010,Sculpture,Metropolitan Branch Trail (MBT) at the Rhode Island Entrance in NE,"300 block of h street ne (between 3rd & 4th street, ne)",old city,"8' x 40""",6,Permanent,Commissioned Project,
-76.947773314656317,38.894188678040557,144,3935 BENNING ROAD NE,Rik Freeman,Knowledge,Acrylic on canvas,2010,Mural,"Benning Library, Dorothy Irene Height Library, mural located inside of building",3935 benning road ne,benning,6 x 25',7,Permanent,Inter District DCPL,
-77.077778012466737,38.950164181029514,145,3950 CHESAPEAKE STREET NW,Solomon Wondimu,A Portrait of Woodrow Wilson for Woodrow Wilson High School,Ceramic wall tiles,2012,Mural,"Wilson Senior High, mural located in school",3950 chesapeake street nw,north cleveland park,12 ft. x 16 ft.,3,Permanent,Commissioned Project,
-77.015727352990353,38.895452267172132,146,441 4TH STREET NW,Eglon Daley,Of the People,Acrylic on canvas,1995,Mural,"One Judiciary Square, located in lobby",441 4th street nw,judiciary square,"3 paintings: 90"" x 150""; 72"" x 210""; 90"" x 150""",2,Permanent,Downtown Projects,
-77.015727352990353,38.895452267172132,147,441 4TH STREET NW,Val Lewton,Quadrature Nimbii,"Acrylic emulsion paint, brass lettering",1996,Mural,"One Judiciary Square, located in ceiling foyer of building",441 4th street nw,judiciary square,12' each/panels,2,Permanent,Downtown Projects,
-77.015727352990353,38.895452267172132,148,441 4TH STREET NW,Gordon Kray,Pierre L'Enfant,Bronze,2008,Sculpture,"One Judiciary Square building, located in lobby",441 4th street nw,judiciary square,10' x 3' base,2,Permanent,Downtown Projects,
-77.019474425019155,38.89784459476035,149,600 5TH STREET NW,Alex Mayer,Untitled - Circles II,Mixed media,2007,Mural,"Washington Metropolitan Area Transit Authority building, located in lobby",600 5th street nw,dupont circle,10' x 30',2,Permanent,Art in the Metro,
-77.029398870954651,38.898141145840754,150,607 13TH STREET NW,Byron Peck,Scenes from Washington,Acrylic on wood,"1998, expanded in 2001",Mural,"Metro Center Station- 13th & G Street, located inside Metro station",607 13th street nw,downtown,15' x 60',2,Permanent,Art in the Metro,
-77.021095471142829,38.915346996403883,151,620 T STREET NW,,Howard Theatre Walk of Fame,,2014,,Howard Theater,620 t street nw,shaw,,1,Permanent,Inter District DMPED,
-77.021914335739638,38.886330110265497,152,7TH STREET SW AND MARYLAND AVENUE SW,William Wegman,Hello,Porcelain enamel,2004,Photography,"L' Enfant Plaza Metro Station, located inside station",7th street sw and maryland avenue sw,southwest,10' dia.,6,Permanent,Art in the Metro,
-77.020341366610722,38.899644240368922,153,H STREET NW (BETWEEN 603 & 604),Andrew T. Crawford,Dragon Gate,Forged and fabricated painted steel,2007,"Architectural, gate","Chinatown Alley, art gate located in between two buidlings",603 h street nw (btw 603 & 604),chinatown,,2,Permanent,Downtown Projects,
-77.002734331896022,38.909552292262354,154,NEW YORK AVENUE NE FROM FLORIDA AVENUE NE TO 9TH STREET NE,Kent Bloomer,Gateway Wings,Steel and aluminum,2013,Sculpture,New York Avenue Bridge,new york avenue ne from florida avenue ne to 9th street ne,noma,,5,Permanent,Intra District DDOT,
-77.005070669594332,38.900211613944315,155,H STREET NE FROM 1ST STREET NW TO 2ND ST NE (100 block),Deirdre Saunder,Hopscotch Bridge,Mosaic mixed media on aluminum plates,"Mural, mosaic","Mural, mosaic",H Street Bridge (behind Union Station),100 block of h street ne (btw 1st street ne & 2nd street ne),union station,"646' Long - Each figure is approx. 7' x3' x1/2""",6,Permanent,Neighborhood Projects,
-77.039779900759214,38.875688823742991,156,"ARLAND D. WILLIAMS JR. MEMORIAL BRIDGE, LIGHT TENDER'S HOUSE",Mikyoung Kim,Kaleidoscope Project,Dichroic and reflective acrylic,2010,Architectural,"Arland D. Williams Jr. Memorial Bridge, Light Tender's House, Near 14th Street Bridge over Potomac River & Ohio Drive, SW","arland d. williams jr. memorial bridge, light tender's house",east potomac park,6 1/2' x 7' each,2,Permanent,Neighborhood Projects,
-76.995175318954153,38.887701612853157,157,"INTERSECTION OF 8TH STREET SE, INDEPENDENCE AVENUE SE & NORTH CAROLINA AVENUE SE",Deirdre Saunder,Kim's Garden,"Stone, Glass, Concrete, Ceramic, Found Objects, Grout, Thinset w/latex, Mapei/Laticret and sanded grout, LEED materials",2013,Mosaic,Capitol Hill Community Park,"intersection of 8th street se, independence avenue se & north carolina avenue se",capitol hill,Base 6' layer of concrete Mosaic: 250 square feet  (15' diameter circle and surrounding concrete),6,Permanent,PABC Grant,
-77.040723141691629,38.904973094906758,158,CONNECTICUT AVENUE NW FROM L STREET NW TO JEFFERSON PLACE NW,Lighting Connecticut Avenue,Lighting Connecticut Avenue,LED lights,2012,Light installation,"Lighting installation Connecticut Avenue; lighting installed in medians of Connecticut Avenue, NW",connecticut avenue nw from l street nw to jefferson place nw,dupont circle,350 Linear feet,2,Permanent,Golden Triangle Bid,
-77.032732158873685,38.929524766390422,159,14TH STREET NW FROM IRVING STREET NW TO PARK ROAD NW,Jann Rossen-Queralt,Resonance,"Exterior porcelain floor tiles from Daltile Exterior, photographic images created utilizing enamel inks , fused glass",2009,Paving/Interactive,"Located throughout sidewalk as a series of mosaic medallion on 14th street between Park Road & Irving Street, NW",14th street nw from irving street nw to park road nw,columbia heights,Metro Plaza- 15' dia. Streetscape Medallions qty 17- 3' dia,1,Permanent,Neighborhood Projects,
-77.005769368249673,38.88093716972336,160,709 NEW JERSEY AVENUE SE,Robert Kent Wilson,Water Pylons,Tile Clad Paint and Anti Graffiti Coating and LED lights,2012,Installation,"New Jersey Avenue, SE- South East Freeway underpass 695",709 new jersey avenue se,navy yard,"Column span approx. 10,000 sq. ft.",6,Temporary,PABC Grant,
-76.998933525871834,38.836763780841991,161,501 MISSISSIPPI AVENUE SE,Cheryl Foster,Go With the Flow,"Mosaic, mixed media",2000,Mosaic mural,Oxon Run Outdoor Pool,441 Mississippi Avenue SE,congress heights,,8,Permanent,Community Initiatives,
-77.024652572320079,38.915038395097802,162,910 WESTMINSTER STREET NW,Anne Marchand,Community,Acrylic on concrete panels,2002,Mural,"Westminster Playground, mural located on building inside park",913 westminster street nw,shaw,34 x 34',1,Permanent,Community Initiatives,
-77.024652572320079,38.915038395097802,163,910 WESTMINSTER STREET NW,Jerome Meadows,Play Together and Live as One,"Mixed media, mosaic",2002,Mosaic mural,"Westminster Playground, mosaics located along perimeters inside park",913 westminster street nw,shaw,2 x 2 feet ea. (9 panels),1,Permanent,Community Initiatives,
-76.995198140302179,38.862198201609047,164,1101 HOWARD ROAD SE,Martha Jackson-Jarvis,River Spirits of the Anacostia,Glass tiles,2004,"Mural, mosaic","Anacostia Metro Station, mosaic mural located alongside top section of building","1138 howard road, se",anacostia,4 feet high by 400 feet long,8,Permanent,Art in the Metro,
-76.986384283508642,38.949969010152614,165,1333 EMERSON STREET NE,Stephanie Gassmann,North Michigan Park Recreation Center,Mixed media,2007,"Sculpture, suspended","North Michigan Park Recreation Center, located in Community Room",4925 13th street ne,north michigan park,"5' 6"" x 24' x 5"" D",5,Permanent,Intra District DPR,
-77.024546749242916,38.928057199405309,166,797 COLUMBIA ROAD NW,Joel Bergner with youth from Latin American Youth Center’s summer program at Roosevelt H.S,Cultivating the Rebirth,"Aerosol paint, mosaic",2010,"Mural, mosaics","Bruce Monroe Community Park, mural located facing sidewalk on Columbia Road, NW",797 columbia road nw,columbia heights,,1,Temporary,MuralsDC,
-77.017409462792685,38.974751008678375,167,327 CEDAR STREET NW,Sam Gilliam,From a Model to a Rainbow,Italian glass mosaic tile mounted on Aerolam panels,2011,Mosaic mural,"Mural located under metro underpass on Cedar Street, southern abutment wall",366 cedar street nw,takoma,14 x 39',4,Permanent,Community Initiatives,
-76.925866590024626,38.896971104854543,168,MARVIN GAYE PARK,Bryon Peck,Marvin Gaye,"Glass, fused ceramic tile on concrete",2010,Mural,"Marvin Gaye Park, Hillbrook, mosaic is located at entrance of park",5200 Foote Street NE,Hillbrook,5 x 5',7,Permanent,Commissioned Project,
-76.929641705673163,38.883941230407629,169,5032 D STREET SE,Chrysanne Stathacos,Natural Wishing,"Textile, string",2012,Installation,Sasha Bruce Youthwork,5032 D Street SE,Marshall Heights,,7,Temporary,2012- 5x5 Temporary Art Initiative,http://octo.dc.gov/sites/default/files/dc/sites/octo/multimedia_content/images/Natural_Wishing_Chrysanne_Stathacos.png
-77.00694857866678,38.90696426993064,170,51 N STREET NE,Donald E Camp & Fred Joiner,Composite Images From The Dust Shaped Heart Series,Banner,2014,Installation,<Null>,51 N Street NE,NoMa,,6,Temporary,2014- 5x5 Temporary Art Initiative,http://octo.dc.gov/sites/default/files/dc/sites/octo/multimedia_content/images/Composite Images from the Dust_Donald Camp.png
-76.983079524742905,38.870091507624799,171,1601 16TH STREET SE,Sheila Crider with Anacostia High School Students,The Four Seasons,"Printed images on vinyl, wrapped around Homasote panels",2011,Mural,Anacostia Senior High,1601 16th Street SE,Fairlawn,,8,Permanent,Commissioned Project,
-77.035953266337842,38.910886403072688,172,1529 16TH STREET NW,Wolfgang Weileder,Res Publica,Cardboard small scale construction of Supreme Coard Building,2012,"Sculpture, Installation",DC Jewish Community Center,1529 16th Street NW,Dupont Circle,,2,Temporary,2012- 5x5 Temporary Art Initiative,http://octo.dc.gov/sites/default/files/dc/sites/octo/multimedia_content/images/Res_Publica_Wolfgang_Weileder.png
-77.027037739910057,38.980288354069415,173,7420 GEORGIA AVENUE NW,Lize Mogel,Sight Lines,Self guided tour maps,2012,Tour,Juanita E. Thornton / Shepherd Park Neighborhood Library,7420 Georgia Avenue NW,Shepherd Park,,4,Temporary,2012- 5x5 Temporary Art Initiative,http://octo.dc.gov/sites/default/files/dc/sites/octo/multimedia_content/images/Sight_Lines_Lize_Mogel.png
-77.024768551253501,38.898699116426073,174,901 G STREET NW,Isabella Streffen,Hawk & Dove,Constructed small scale zeplin,2012,Installation,Martin Luther King Jr Memorial Library,901 G Street NW,Downtown,,2,Temporary,2012- 5x5 Temporary Art Initiative,http://octo.dc.gov/sites/default/files/dc/sites/octo/multimedia_content/images/Hawk_and_Dove_Isabella_Streffen.png
-76.99651773463215,38.884091909699784,175,403 7TH STREET SE,Lize Mogel,Sight Lines,Self guided tour maps,2012,Tour,Southeast Neighborhood Library,403 7th Street SE,Capitol Hill,,6,Temporary,2012- 5x5 Temporary Art Initiative,http://octo.dc.gov/sites/default/files/dc/sites/octo/multimedia_content/images/Sight_Lines_Lize_Mogel.png
-77.009732446939978,38.879032804610326,176,10 I STREET SW,"KUNSTrePUBLIK (Matthias Einhoff, Harry Sachs, and Philip Horst)",Fountains of D.C. (WT),Concrete mobile replica of the Temperance Fountain,2012,Sculpture,Capitol Skyline Hotel,10 'I' Street SW,Southwest Waterfront,,6,Temporary,2012- 5x5 Temporary Art Initiative,
-77.031965085035267,38.926929325764888,177,1371 HARVARD STREET NW (Old location),Office of Experiments (OOE) (Neal White with Tina O’Connell),1x1,"Performance, prints",2012,Performance,DC Commission on the Arts and Humanities,1371 Harvard Street NW,Columbia Heights,,1,Temporary,2012- 5x5 Temporary Art Initiative,http://octo.dc.gov/sites/default/files/dc/sites/octo/multimedia_content/images/1x1_Office_of_Experiments.png
-76.954203480108959,38.864879053411599,178,3660 ALABAMA AVENUE SE,Lize Mogel,Sight Lines,Self guided tour maps,2012,Tour,Francis A. Gregory Neighborhood Library,3660 Alabama Avenue SE,Twining,,7,Temporary,2012- 5x5 Temporary Art Initiative,http://octo.dc.gov/sites/default/files/dc/sites/octo/multimedia_content/images/Sight_Lines_Lize_Mogel.png
-77.022478446309293,38.901803770394899,179,800 K STREET NW,Wolfgang Weileder,Res Publica,Cardboard small scale construction of Supreme Coard Building,2012,"Sculpture, Installation",TechWorld Plaza,800 K Street NW,Mt. Vernon Square,,2,Temporary,2012- 5x5 Temporary Art Initiative,http://octo.dc.gov/sites/default/files/dc/sites/octo/multimedia_content/images/Res_Publica_Wolfgang_Weileder.png
-76.991346013626213,38.864608542162713,180,2235 SHANNON PLACE SE,Floating Lab Collective,Remuseum,"Lecture, panel discussion",2012,Lecture,Lightbox,2235 Shannon Place SE,Anacostia,,8,Temporary,2012- 5x5 Temporary Art Initiative,http://octo.dc.gov/sites/default/files/dc/sites/octo/multimedia_content/images/Remuseum_Floating_Lab_Collective.png
-76.993142907149121,38.882988593372097,181,921 PENNSYLVANIA AVENUE SE,Chrysanne Stathacos,Natural Wishing,"Textile, string",2012,Installation,Hill Center at the Old Naval Hospital,921 Pennsylvania Avenue SE,Capitol Hill,,6,Temporary,2012- 5x5 Temporary Art Initiative,http://octo.dc.gov/sites/default/files/dc/sites/octo/multimedia_content/images/Natural_Wishing_Chrysanne_Stathacos.png
-77.044497546926692,38.909067739320633,182,1 DUPONT CIRCLE NW,Ali Momeni,Statuevision,Video projection,2014,Performance,"One time performance Friday October 17, 7-10pm.",1 Dupont Circle NW,Dupont Circle,,2,Temporary,2014- 5x5 Temporary Art Initiative,http://octo.dc.gov/sites/default/files/dc/sites/octo/multimedia_content/images/Statuevision_Ali_Momeni.png
-77.051098281485594,38.913899636411784,183,2320 S STREET NW,Chrysanne Stathacos,Natural Wishing,"Textile, string",2012,Installation,<Null>,2320 S Street NW,Kolorama Heights,,2,Temporary,2012- 5x5 Temporary Art Initiative,http://octo.dc.gov/sites/default/files/dc/sites/octo/multimedia_content/images/Natural_Wishing_Chrysanne_Stathacos.png
-77.000838942703311,38.915190261207769,184,1876 4TH STREET NE,"Daniel Hopkins, Cita Sadeli, and Cody Kennedy",Crossroads,"Aerosol paint, wood, acrylic based paint",2014,Mural,Located on Metro Branch Trail near address location,1876 4th Street NE,Eckington,,5,Temporary,PABC Grant,
-77.075459021314956,38.96557695120655,185,5625 CONNECTICUT AVENUE NW,Lize Mogel,Sight Lines,Self guided tour maps,2012,Tour,Chevy Chase Neighborhood Library,5625 Connecticut Avenue NW,Chevy Chase,,3,Temporary,2012- 5x5 Temporary Art Initiative,http://octo.dc.gov/sites/default/files/dc/sites/octo/multimedia_content/images/Sight_Lines_Lize_Mogel.png
-77.037146892305557,38.930475177315572,186,3160 16TH STREET NW,Lize Mogel,Sight Lines,Self guided tour maps,2012,Tour,Mount Pleasant Neighborhood Library,3160 16th Street NW,Mount Pleasant,,1,Temporary,2012- 5x5 Temporary Art Initiative,http://octo.dc.gov/sites/default/files/dc/sites/octo/multimedia_content/images/Sight_Lines_Lize_Mogel.png
-77.064326573493275,38.944441376962004,187,4200 CONNECTICUT AVENUE NW,Wilmer Wilson IV,Henry 'Box' Brown: FOREVER,"Performance, three grades of postage stamps",2012,Performance,University of the District of Columbia,4200 Connecticut Avenue NW,Van Ness,,3,Temporary,2012- 5x5 Temporary Art Initiative,http://octo.dc.gov/sites/default/files/dc/sites/octo/multimedia_content/images/Henry_Box_Brown_Forever_Wilmer_Wilson_IV.png
-76.991835120673187,38.897040765536339,188,1022 MARYLAND AVENUE NE,Chrysanne Stathacos,Natural Wishing,"Textile, string",2012,Installation,Sasha Bruce Youthwork,1022 Maryland Avenue NE,Trinidad,,6,Temporary,2012- 5x5 Temporary Art Initiative,http://octo.dc.gov/sites/default/files/dc/sites/octo/multimedia_content/images/Natural_Wishing_Chrysanne_Stathacos.png
-76.988133475973513,38.867112779149913,189,1215 GOOD HOPE ROAD SE,Abigail Deville,The New Migration,"Accumulated debris and heirlooms from Washington, DC to Jacksonville, Florida",2014,"Performance, installation",<Null>,1215 Good Hope Road SE,Anacostia,,8,Temporary,2014- 5x5 Temporary Art Initiative,http://octo.dc.gov/sites/default/files/dc/sites/octo/multimedia_content/images/The_New_Migration_Abigail_Deville.png
-77.029163689540994,38.900056472681761,190,1250 NEW YORK AVENUE NW,Clare Rojas,Untitled,"Mixed media, paint",2012,Mural,"National Museum of Women in the Arts, exterior wall",1250 New York Avenue NW,Downtown,,2,Temporary,2012- 5x5 Temporary Art Initiative,http://octo.dc.gov/sites/default/files/dc/sites/octo/multimedia_content/images/Untitled_Clare_Rojas.png
-76.996402032763356,38.881499292229002,191,545 7TH STREET SE,Ben Ashworth & Working Collective,Finding a Line,Built skate park,2012,Event,"Capitol Hill Arts Workshop, Spring Break Camp",545 7th Street SE,Capitol Hill,,6,Temporary,2012- 5x5 Temporary Art Initiative,http://octo.dc.gov/sites/default/files/dc/sites/octo/multimedia_content/images/Finding_a_Line_Ben_Ashworth_Working_Collective.png
-77.015834062777458,38.878705402197774,192,900 WESLEY PLACE SW,Lize Mogel,Sight Lines,Self guided tour maps,2012,Tour,Southwest Neighborhood Library,900 Wesley Place SW,Southwest Waterfront,,6,Temporary,2012- 5x5 Temporary Art Initiative,http://octo.dc.gov/sites/default/files/dc/sites/octo/multimedia_content/images/Sight_Lines_Lize_Mogel.png
-77.032337998919473,38.909505039143603,193,1404 P STREET NW,Office of Experiments (OOE) (Neal White with Tina O’Connell),1x1,"Performance, prints",2012,Performance,Transformer Gallery,1404 P Street NW,Logan Circle/Shaw,,2,Temporary,2012- 5x5 Temporary Art Initiative,http://octo.dc.gov/sites/default/files/dc/sites/octo/multimedia_content/images/1x1_Office_of_Experiments.png
-77.013358175727063,38.879131538449954,194,200 I STREET SW,Patrick McDonough,Geo- caching,"Scavanger hunt, stones",2012,Event,City Wide,Citywide,Southwest Waterfront,,6,Temporary,2012- 5x5 Temporary Art Initiative,http://octo.dc.gov/sites/default/files/dc/sites/octo/multimedia_content/images/Geo_catching_Patrick_McDonough.png
-77.057844888211861,38.933823261483923,195,3310 CONNECTICUT AVENUE NW,Lize Mogel,Sight Lines,Self guided tour maps,2012,Tour,Cleveland Neighborhood Library,3310 Connecticut Avenue NW,Cleveland Park,,3,Temporary,2012- 5x5 Temporary Art Initiative,http://octo.dc.gov/sites/default/files/dc/sites/octo/multimedia_content/images/Sight_Lines_Lize_Mogel.png
-76.978627807395,38.865915649665844,196,1800 GOOD HOPE ROAD SE,Lize Mogel,Sight Lines,Self guided tour maps,2012,Tour,Anacostia Neighborhood Library,1800 Good Hope Road SE,Fairlawn,,8,Temporary,2012- 5x5 Temporary Art Initiative,http://octo.dc.gov/sites/default/files/dc/sites/octo/multimedia_content/images/Sight_Lines_Lize_Mogel.png
-77.097176958678546,38.918389252462433,197,4901 V STREET NW,Lize Mogel,Sight Lines,Self guided tour maps,2012,Tour,Palisades Neighborhood Library,4901 V Street NW,Foxhall Crescents,,3,Temporary,2012- 5x5 Temporary Art Initiative,http://octo.dc.gov/sites/default/files/dc/sites/octo/multimedia_content/images/Sight_Lines_Lize_Mogel.png
-77.028988467609011,38.917405060276664,198,1215 U STREET NW,Wilmer Wilson IV,Henry 'Box' Brown: FOREVER,"Performance, three grades of postage stamps",2012,Performance,Lincoln Theater,1215 U Street NW,Cardozo/Shaw,,1,Temporary,2012- 5x5 Temporary Art Initiative,http://octo.dc.gov/sites/default/files/dc/sites/octo/multimedia_content/images/Henry_Box_Brown_Forever_Wilmer_Wilson_IV.png
-77.021118402314485,38.915725072087014,199,625 T STREET NW,Marley Dawson,Construction (T Street NW),"Construction timber, fixings, Chroma Key paint",2014,"Sculpture, installation",<Null>,625 T Street NW,Cardozo/Shaw,,1,Temporary,2014- 5x5 Temporary Art Initiative,http://octo.dc.gov/sites/default/files/dc/sites/octo/multimedia_content/images/Consturction_T_Street_NW_Marley_Dawson.png
-76.988119293377679,38.900400115561439,200,1300 H STREET NE,Sanaz Mazinani,U.S.A.I.R.A.N.,"Vinyl, acrylic, LED lights",2014,"Installation, wall mural","September 7 – November 21, 2014, Performance: September 6 at 4:00 pm",1300 H Street NE,Trinidad,,6,Temporary,2014- 5x5 Temporary Art Initiative,http://octo.dc.gov/sites/default/files/dc/sites/octo/multimedia_content/images/U_S_A_I_R_A_N_Sanaz_Mazinani.png
-77.066009604989503,38.913442017069073,201,3260 R STREET NW,Lize Mogel,Sight Lines,Self guided tour maps,2012,Tour,Georgetown Neighborhood Library,3260 R Street NW,Georgetown,,2,Temporary,2012- 5x5 Temporary Art Initiative,http://octo.dc.gov/sites/default/files/dc/sites/octo/multimedia_content/images/Sight_Lines_Lize_Mogel.png
-77.079889070257806,38.947615845999906,202,4450 WISCONSIN AVENUE NW,Lize Mogel,Sight Lines,Self guided tour maps,2012,Tour,Tenley - Friendship Neighborhood Library,4450 Wisconsin Avenue NW,Tenleytown,,3,Temporary,2012- 5x5 Temporary Art Initiative,http://octo.dc.gov/sites/default/files/dc/sites/octo/multimedia_content/images/Sight_Lines_Lize_Mogel.png
-77.039742730457604,38.895854463821884,203,500 17TH STREET NW,Jefferson Pinder,Ben-Hur,6 performers with constructed rowing mechanism,2012,Performance,Corcoran Gallery of Art,500 17th Street NW,Downtown,,2,Temporary,2012- 5x5 Temporary Art Initiative,http://octo.dc.gov/sites/default/files/dc/sites/octo/multimedia_content/images/Ben_Hur_Jefferson_Pinder.png
-77.051687873076901,38.959924944121276,204,5200 GLOVER ROAD NW,Charles Stankievech,OVER AND OUT: A 5x5 Transmission,Shortwave radio repeater station,2012,Performance,Pierce Barn,Rock Creek Park:  5200 Glover Road NW,Rock Creek Park,,3,Temporary,2012- 5x5 Temporary Art Initiative,http://octo.dc.gov/sites/default/files/dc/sites/octo/multimedia_content/images/Over_and_Out_A_5x5_Transmission_Charles_Stankievech.png
-77.005117908072734,38.888668828067701,205,10 1ST STREET SE,Isabella Streffen,Hawk & Dove,Constructed small scale zeplin,2012,Installation,"Library of Congress, Thomas Jefferson Building",10 First Street SE,Capitol Hill,,6,Temporary,2012- 5x5 Temporary Art Initiative,http://octo.dc.gov/sites/default/files/dc/sites/octo/multimedia_content/images/Hawk_and_Dove_Isabella_Streffen.png
-77.017553519671253,38.897762562777231,206,401 F STREET NW,Ben Jeans Houghton,SPORE,Mixed media,2012,"Sculpture, Installation",National Building Museum,401 F Street NW,Judiciary Square,,2,Temporary,2012- 5x5 Temporary Art Initiative,http://octo.dc.gov/sites/default/files/dc/sites/octo/multimedia_content/images/SPORE_Ben_Jeans_Houghton.png
-77.020360420508283,38.877125619082108,207,1101 6TH STREET SW,Charles Juhasz-Alvarado,Cherry Blossom Cloud,"Metal, wood",2012,"Sculpture, Installation",Arena Stage,1101 Sixth Street SW,Southwest Waterfront,,6,Temporary,2012- 5x5 Temporary Art Initiative,http://octo.dc.gov/sites/default/files/dc/sites/octo/multimedia_content/images/Cherry_Blossom_Cloud_Charles_Juhasz_Alvarado.png
-76.999586598978198,38.955135595484577,208,5401 SOUTH DAKOTA AVENUE NE,Lize Mogel,Sight Lines,Self guided tour maps,2012,Tour,Lamond-Riggs Neighborhood Library,5401 South Dakota Avenue NE,Fort Totten,,5,Temporary,2012- 5x5 Temporary Art Initiative,http://octo.dc.gov/sites/default/files/dc/sites/octo/multimedia_content/images/Sight_Lines_Lize_Mogel.png
-77.021677425997851,38.875902401957269,209,600 WATER STREET SW,Deborah Stratman & Steven Badgett,Polygonal Address (PA) System,"Constructed floating pentagonal raft, mixed media",2012,"Sculpture, Installation",Gangplank Marina (water street sw),600 Water Street SW,Southwest Waterfront,,6,Temporary,2012- 5x5 Temporary Art Initiative,http://octo.dc.gov/sites/default/files/dc/sites/octo/multimedia_content/images/Polygonal_Address_PA_System_Deborah_Stratman_Steven_Badgett.png
-77.024855546486563,38.916793355841449,210,918 U STREET NW,REBAR,Public Art- It's a Verb!,"Lecture, panel discussion",2012,Panel discussion,"Panel Discussion: Song Architects, Central 14th Street (between Colorado and Longfellow); Design Charrette: Linn Meyers Studio, 5318 1/2 Colorado Avenue","Panel Discussion: Song Architects, 918 U Street NW; Plaza Mockup: Central 14th Street NW (between Colorado and Longfellow); Design Charrette: Linn Meyers Studio, 5318 1/2 Colorado Avenue NW",Cardozo/Shaw,,1,Temporary,2012- 5x5 Temporary Art Initiative,http://octo.dc.gov/sites/default/files/dc/sites/octo/multimedia_content/images/Public_Art_Its_a_Verb_REBAR.png
-76.975324149629856,38.843564901387076,211,1901 MISSISSIPPI AVENUE SE,Habitat for Artists,How Much? How Little? The Space to Create,"Wood constructed art studio space, mixed media",2012,Installation,THEARC,1901 Mississippi Avenue SE,Shipley,,8,Temporary,2012- 5x5 Temporary Art Initiative,http://octo.dc.gov/sites/default/files/dc/sites/octo/multimedia_content/images/How_Much_How_Little_The_Space_to_Create_Habitat_for_Artists.png
-76.982919600894263,38.921047494003744,212,2311 14TH STREET NE,Floating Lab Collective,Remuseum,"Lecture, panel discussion",2012,Lecture,"Brentwood Recreation Center,",2311 14th Street NE,Brentwood,,5,Temporary,2012- 5x5 Temporary Art Initiative,http://octo.dc.gov/sites/default/files/dc/sites/octo/multimedia_content/images/Remuseum_Floating_Lab_Collective.png
-76.996361266804925,38.894414334422727,213,330 7TH STREET NE,Lize Mogel,Sight Lines,Self guided tour maps,2012,Tour,Northeast Neighborhood Library,330 7th Street NE,Trinidad,,6,Temporary,2012- 5x5 Temporary Art Initiative,http://octo.dc.gov/sites/default/files/dc/sites/octo/multimedia_content/images/Sight_Lines_Lize_Mogel.png
-76.929579467980361,38.888962286296433,214,5001 CENTRAL AVENUE SE,Lize Mogel,Sight Lines,Self guided tour maps,2012,Tour,Capitol View Neighborhood Library,5001 Central Avenue SE,Marshall Heights,,7,Temporary,2012- 5x5 Temporary Art Initiative,http://octo.dc.gov/sites/default/files/dc/sites/octo/multimedia_content/images/Sight_Lines_Lize_Mogel.png
-77.054430898642423,38.930618664141527,215,3001 CONNECTICUT AVENUE NW,Brandon Ballengee,Love Motel for Insects,"Black Ultra-violet lights, steel, fabric, native plants, invited insects",2012,"Sculpture, Installation",The National Zoo,3001 Connecticut Ave NW,Woodley Park,,3,Temporary,2012- 5x5 Temporary Art Initiative,http://octo.dc.gov/sites/default/files/dc/sites/octo/multimedia_content/images/Love_Motel_for_Insects_Brandon_Ballengee.png
-76.994730846923588,38.850692076766265,216,2700 MARTIN LUTHER KING JR AVENUE SE,Brendan Fowler,Walls At St. Elizabeth's,"Lumber, UV cured ink on vinyl, mixed media",2014,Installation,<Null>,2700 Martin Luther King Jr Avenue SE,Anacostia,,8,Temporary,Inter District DMPED,http://octo.dc.gov/sites/default/files/dc/sites/octo/multimedia_content/images/Walls_At_St_Elizabeths_Brendan_Fowler.png
-77.026139713904797,38.942207685180321,217,4200 KANSAS AVENUE NW,Lize Mogel,Sight Lines,Self guided tour maps,2012,Tour,Petworth nNeighborhood Library,4200 Kansas Avenue NW,Petworth,,4,Temporary,2012- 5x5 Temporary Art Initiative,http://octo.dc.gov/sites/default/files/dc/sites/octo/multimedia_content/images/Sight_Lines_Lize_Mogel.png
-76.992260496131536,38.863005108129727,218,2345 MARTIN LUTHER KING JR AVENUE SE,Isaac Diggs & E. Ethelbert Miller,Chalres Kneeling (Lagos 2012),Banner,2014,Installation,<Null>,2345 Martin Luther King Jr Avenue SE,Anacostia,,8,Temporary,2014- 5x5 Temporary Art Initiative,http://octo.dc.gov/sites/default/files/dc/sites/octo/multimedia_content/images/Charles_Kneeling_Lagos_2012_Isaac_Diggs.png
-77.038184690071645,38.920226708572301,219,1630 CRESCENT PLACE NW,Reko Rennie,Remember Me,"Paper, spraypaint, neon",2012,Mural,Meridian House,1630 Crescent Place NW,Adams Morgan,,1,Temporary,2012- 5x5 Temporary Art Initiative,http://octo.dc.gov/sites/default/files/dc/sites/octo/multimedia_content/images/Remember_Me_Reko_Rennie.png
-77.032405818770911,38.917451816558355,220,2000 14TH STREET NW,Larry Cook & Kenneth Carroll,Regalia #2,Banner,2014,Installation,<Null>,2000 14th Street NW,Cardozo/Shaw,,1,Temporary,2014- 5x5 Temporary Art Initiative,http://octo.dc.gov/sites/default/files/dc/sites/octo/multimedia_content/images/Regalia_2_Larry_Cook.png
-76.947773314656317,38.894188678040557,221,3935 BENNING ROAD NE,Lize Mogel,Sight Lines,Self guided tour maps,2012,Tour,Dorothy i. Height / Benning Neighborhood Library,3935 Benning Road NE,Benning,,7,Temporary,2012- 5x5 Temporary Art Initiative,http://octo.dc.gov/sites/default/files/dc/sites/octo/multimedia_content/images/Sight_Lines_Lize_Mogel.png
-77.047308841015337,38.91222144699389,222,9 HILLYER COURT NW,Wolfgang Weileder,Res Publica,Cardboard small scale construction of Supreme Coard Building,2012,"Sculpture, Installation",Cosmos Club Parking Lot,Parking lot in front of 9 Hillyer Court NW,Dupont Circle,,2,Temporary,2012- 5x5 Temporary Art Initiative,http://octo.dc.gov/sites/default/files/dc/sites/octo/multimedia_content/images/Res_Publica_Wolfgang_Weileder.png
-77.017087771127336,38.878390111832879,223,1000 4TH STREET SW,Jonathan Fung,Peep,"Metal shipping container, vinyl graphics, paint, plexiglass, wooden children blocks, sewing machines, fishing line, lead sinkers, duvetyne, CD, portable stereo",2014,"Sculpture, installation",Empty lot,1000 4th Street SW,Southwest Waterfront,,6,Temporary,2014- 5x5 Temporary Art Initiative,http://octo.dc.gov/sites/default/files/dc/sites/octo/multimedia_content/images/Peep_Jonathan_Fung.png
-76.93215784256401,38.908452418628208,224,1350 49TH STREET NE,Floating Lab Collective,Remuseum,"Lecture, panel discussion",2012,Lecture,Deanwood Recreation Center,Deanwood Recreation Center,Deanwood,,7,Temporary,2012- 5x5 Temporary Art Initiative,http://octo.dc.gov/sites/default/files/dc/sites/octo/multimedia_content/images/Remuseum_Floating_Lab_Collective.png
-77.013619115923632,38.904010204550168,225,155 L STREET NW,Lize Mogel,Sight Lines,Self guided tour maps,2012,Tour,Northwest One Neighborhood Library,155 L Street NW,Downtown,,6,Temporary,2012- 5x5 Temporary Art Initiative,http://octo.dc.gov/sites/default/files/dc/sites/octo/multimedia_content/images/Sight_Lines_Lize_Mogel.png
-77.022220648406119,38.912449616289742,226,1630 7TH STREET NW,Craig Kraft,Vivace,"Rolled aluminum, neon",2010,Sculpture,"Watha T. Daniel / Shaw Neighborhood Library, located in front of library entrance",1630 7th St NW,Logan Circle/Shaw,,6,Permanent,Neighborhood Projects,
-77.003147429447807,38.87703708765455,227,202 M STREET SE,Kota Ezawa,Hand Vote,"Plywood, paint",2014,"Sculpture, installation","Canal Park, September 6 – November 21, 2014",202 M Street SE,Navy Yard,,6,Temporary,2014- 5x5 Temporary Art Initiative,http://octo.dc.gov/sites/default/files/dc/sites/octo/multimedia_content/images/Hand_Vote_Kota_Ezawa.png
-77.035247443786574,38.955074521239183,228,5318 1/2 COLORADO AVENUE NW (Linn Meyers Studio),REBAR,Public Art- It's a Verb!,"Lecture, panel discussion",2012,Panel discussion,"Panel Discussion: Song Architects, Central 14th Street (between Colorado and Longfellow); Design Charrette: Linn Meyers Studio, 5318 1/2 Colorado Avenue","Panel Discussion: Song Architects, 918 U Street NW; Plaza Mockup: Central 14th Street NW (between Colorado and Longfellow); Design Charrette: Linn Meyers Studio, 5318 1/2 Colorado Avenue NW",16th Street Heights,,4,Temporary,2012- 5x5 Temporary Art Initiative,http://octo.dc.gov/sites/default/files/dc/sites/octo/multimedia_content/images/Public_Art_Its_a_Verb_REBAR.png
-76.995008508572468,38.932840791103409,229,716 MONROE STREET NE,Michael Platt & Major Jackson,Enter One Way,Banner,2014,Installation,<Null>,716 Monroe St NE,Brookland,,5,Temporary,2014- 5x5 Temporary Art Initiative,http://octo.dc.gov/sites/default/files/dc/sites/octo/multimedia_content/images/Enter_One_Way_Michael_Platt.png
-77.051100201299363,38.904026937545162,230,1101 24TH STREET NW,Lize Mogel,Sight Lines,Self guided tour maps,2012,Tour,West End Neighborhood Library,1101 24th Street NW,West End,,2,Temporary,2012- 5x5 Temporary Art Initiative,http://octo.dc.gov/sites/default/files/dc/sites/octo/multimedia_content/images/Sight_Lines_Lize_Mogel.png
-76.981253586570688,38.846194308105048,231,1547 ALABAMA AVENUE SE,Lize Mogel,Sight Lines,Self guided tour maps,2012,Tour,Parklands-Turner Neighborhood Library,1547 Alabama Avenue SE,Douglass,,8,Temporary,2012- 5x5 Temporary Art Initiative,http://octo.dc.gov/sites/default/files/dc/sites/octo/multimedia_content/images/Sight_Lines_Lize_Mogel.png
-77.020159155537527,38.974444213198424,232,416 CEDAR STREET NW,Lize Mogel,Sight Lines,Self guided tour maps,2012,Tour,Takoma Park Neighborhood Library,416 Cedar Street NW,Takoma,,4,Temporary,2012- 5x5 Temporary Art Initiative,http://octo.dc.gov/sites/default/files/dc/sites/octo/multimedia_content/images/Sight_Lines_Lize_Mogel.png
-76.979269681000417,38.92363301318165,233,1790 DOUGLAS STREET NE,Lize Mogel,Sight Lines,Self guided tour maps,2012,Tour,Woodridge Interim Library,1790 Douglas Street NE,Langdon,,5,Temporary,2012- 5x5 Temporary Art Initiative,http://octo.dc.gov/sites/default/files/dc/sites/octo/multimedia_content/images/Sight_Lines_Lize_Mogel.png
-76.992602892232043,38.862320310331299,234,2412 MARTIN LUTHER KING JR AVENUE SE,Diana Al-Hadid,Interior Sketch,"Polymer modified gypsum, fiberglass, stainless steel, pigment",2014,Installation,<Null>,2412 Martin Luther King Jr Avenue SE,Anacostia,,8,Temporary,2014- 5x5 Temporary Art Initiative,http://octo.dc.gov/sites/default/files/dc/sites/octo/multimedia_content/images/Interior_Sketch_Diana_Al_Hadid.png
-77.003549972275948,38.881517850853918,235,148 F STREET SE,Ben Ashworth & Working Collective,Finding a Line,Built skate park,2012,Event,Garfield Park (under the southeast freeway overpass),148 F Street SE,Capitol Hill,,6,Temporary,2012- 5x5 Temporary Art Initiative,http://octo.dc.gov/sites/default/files/dc/sites/octo/multimedia_content/images/Finding_a_Line_Ben_Ashworth_Working_Collective.png
-77.017087771127336,38.878390111832879,236,1000 4TH STREET SW,Cameron Hockenson,Migration,"Wooden poles, bolts, washers, nuts, PVC pipe, branches, chicken wire, manila rope, twine, residential addresses, burlap, foam, house paint.",2014,"Sculpture, installation",Empty lot,1000 4th Street SW,Southwest Waterfront,,6,Temporary,2014- 5x5 Temporary Art Initiative,http://octo.dc.gov/sites/default/files/dc/sites/octo/multimedia_content/images/Migration_Cameron_Hockenson.png
-77.017087771127336,38.878390111832879,237,1000 4TH STREET SW,Peter Hutchinson,Thrown Rope DC,"33 planted trees, 11 of each of the following: American Yellowwood, Kobus Magnolia, Bur Oak ",2014,Installation,Empty lot,1000 4th Street SW,Southwest Waterfront,,6,Temporary,2014- 5x5 Temporary Art Initiative,http://octo.dc.gov/sites/default/files/dc/sites/octo/multimedia_content/images/Thrown_Rope_DC_Peter_Hutchingson.png
-77.017087771127336,38.878390111832879,238,1000 4TH STREET SW,Eliza Naranjo Morse & Nora Naranjo Morse,Digging,"Dirt, Shovels and picks",2014,Installation,Empty lot,1000 4th Street SW,Southwest Waterfront,,6,Temporary,2014- 5x5 Temporary Art Initiative,http://octo.dc.gov/sites/default/files/dc/sites/octo/multimedia_content/images/Digging_Eliza_Naranjo_Morse.png
-77.017087771127336,38.878390111832879,239,1000 4TH STREET SW,Jennifer Wen Ma,Portrait Garden,"Chinese ink, various plants",2014,Installation,Empty lot,1000 4th Street SW,Southwest Waterfront,,6,Temporary,2014- 5x5 Temporary Art Initiative,http://octo.dc.gov/sites/default/files/dc/sites/octo/multimedia_content/images/Portrait_Garden_Jennifer_Wen_Ma.png
-77.029163689540994,38.900056472681761,240,1250 NEW YORK AVENUE NW,Soda Jerk,After The Rainbow,Video projection,2014,Installation,National Museum of Woman in the Arts- Sept 19 - Nov. 2,1250 New York Avenue NW,Downtown,,2,Temporary,2012- 5x5 Temporary Art Initiative,http://octo.dc.gov/sites/default/files/dc/sites/octo/multimedia_content/images/Soda_Jerk_After_The_Rainbow.png
-77.029163689540994,38.900056472681761,241,1250 NEW YORK AVENUE NW,Soda Jerk,The Carousel,Video projection,2014,Installation,National Museum of Woman in the Arts- Oct. 3,1250 New York Avenue NW,Downtown,,2,Temporary,2012- 5x5 Temporary Art Initiative,http://octo.dc.gov/sites/default/files/dc/sites/octo/multimedia_content/images/Soda_Jerk_The_Carousel.png
-76.991346013626213,38.864608542162713,242,2235 SHANNON PLACE SE,"KUNSTrePUBLIK (Matthias Einhoff, Harry Sachs, and Philip Horst)",Fountains of D.C. (WT),Concrete mobile replica of the Temperance Fountain ,2012,Sculpture ,Old Evidence Warehouse,2235 Shannon Place SE,Anacostia,,8,Temporary,2012- 5x5 Temporary Art Initiative,
-76.991346013626213,38.864608542162713,243,2235 SHANNON PLACE SE,Monica Canilao,Home Mender,"Mixed media, recycled material",2012,"Sculpture, Installation",Old Evidence Warehouse,2235 Shannon Place SE,Anacostia,,8,Temporary,2012- 5x5 Temporary Art Initiative,http://octo.dc.gov/sites/default/files/dc/sites/octo/multimedia_content/images/Home_Mender_Monica_Canilao.png
-76.994730846923588,38.850692076766265,244,2700 MARTIN LUTHER KING JR AVENUE SE,Jace Clayton,Enkutatash,Performance,2014,Performance ,"St. Elizabeth's East Gateway Pavilion- September 11th, 2014.  Doors Open at 6pm, Performance 6:30-7:30pm.",2700 Martin Luther King Jr Avenue SE,Anacostia,,8,Temporary,Inter District DMPED,http://octo.dc.gov/sites/default/files/dc/sites/octo/multimedia_content/images/Enkutatash_Jace_Clayton.png
-76.994730846923588,38.850692076766265,245,2700 MARTIN LUTHER KING JR AVENUE SE,Sheila Crider,Here to Here,"Extruded aluminum, PPG acrylic urethane semi-gloss top color coat over epoxy primer, anti-graffiti coating, Solar LED Block Lights",2014,Sculpture,"Gateway Pavilion, St. Elizabeths East Campus- along Martin Luther King Jr. Avenue, SE",2700 Martin Luther King Jr Avenue SE,Anacostia,,8,Permanent,Inter District DMPED,
-77.020360420508283,38.877125619082108,246,1101 6TH STREET SW,Stan Squirewell & AFAA Michael Weaver,Muck and Mire,Banner ,2014,"Sculpture, Installation",<Null>,1101 Sixth Street SW,Southwest Waterfront,,6,Temporary,2012- 5x5 Temporary Art Initiative,http://octo.dc.gov/sites/default/files/dc/sites/octo/multimedia_content/images/Muck_and_Mire_Stan_Squirewell.png
-77.023108639885649,38.878319733468139,247,7TH STREET SW AND WATER STREET SW,Jo Ray,Spoken For,"Metal scaffolding, photographs printed on poster board",2012,Installation,7th and Water Street,7th Street SW and Water Street SW,Southwest Waterfront,,6,Temporary,2012- 5x5 Temporary Art Initiative,http://octo.dc.gov/sites/default/files/dc/sites/octo/multimedia_content/images/Spoken_For_Jo_Ray.png
-77.033426187480657,38.956506393149169,248,14TH STREET NW AND COLORADO AVENUE NW,REBAR,Public Art- It's a Verb!,"Lecture, panel discussion",2012,Panel discussion,"Panel Discussion: Song Architects, Central 14th Street (between Colorado and Longfellow); Design Charrette: Linn Meyers Studio, 5318 1/2 Colorado Avenue","Panel Discussion: Song Architects, 918 U Street NW; Plaza Mockup: Central 14th Street NW (between Colorado and Longfellow); Design Charrette: Linn Meyers Studio, 5318 1/2 Colorado Avenue NW",16th Street Heights,,4,Temporary,2012- 5x5 Temporary Art Initiative,http://octo.dc.gov/sites/default/files/dc/sites/octo/multimedia_content/images/Public_Art_Its_a_Verb_REBAR.png
-77.002251902781111,38.956816790708331,249,RIGGS ROAD NE AND SOUTH DAKOTA AVE NE,Marianne Vitale,Common Crossings (Riggs & Dakota),Steel,2014,"Sculpture, installation",<null>,Riggs Road NE and South Dakota Avenue NE,Fort Totten,,4,Temporary,2012- 5x5 Temporary Art Initiative,http://octo.dc.gov/sites/default/files/dc/sites/octo/multimedia_content/images/Common_Crossings_Marianne_Vitale.png
-77.017559289730684,38.883247456339518,250,4TH STREET AND E STREET SW,Dan Colen,Fortune Teller,"Boom box, cassette tape with fortune recordings, table",2014,Installation,<Null>,4th Street SW and E Street SW,Federal Center,,6,Temporary,2014- 5x5 Temporary Art Initiative,http://octo.dc.gov/sites/default/files/dc/sites/octo/multimedia_content/images/Fortune_Teller_Dan_Colen.png
-77.019913091722117,38.892083628548193,251,6TH ST NW AND CONSTITUTION AVE NW,Soda Jerk,The Afrofuturisms of Astro Black,Video projection,2014,Installation,National Gallery of Art- Sept. 27,6th Street NW and Constitution Ave NW,National Mall,,2,Temporary,2014- 5x5 Temporary Art Initiative,http://octo.dc.gov/sites/default/files/dc/sites/octo/multimedia_content/images/Soda_Jerk_The_Afrofuturisms_of Astro_Black.png
-76.989365713970571,38.868277436766476,252,GOOD HOPE ROAD SE AND MARTIN LUTHER KING JR AVENUE SE,"Billy Colbert, Tim Conlon, & DC Youth from DCCAH’s Summer Youth Employment Program Media Arts Camp","Gateway to a Great Community
Gateway to a Great Community
Gateway to a Great Community
","Reclaimed wood, paint",2010,"Sculpture, mural",located on corner,Good Hope Road SE and Martin Luther King Jr Avenue SE,Anacostia,,8,Permanent,Community Initiatives,
-77.003516958421002,38.88981601406195,253,2ND STREET SE AND EAST CAPITOL STREET,Wolfgang Weileder,Res Publica,Cardboard small scale construction of Supreme Coard Building,2012,"Sculpture, Installation",Capitol Street,2nd Street SE and East Capitol Street SE,Capitol Hill,,6,Temporary,2012- 5x5 Temporary Art Initiative,http://octo.dc.gov/sites/default/files/dc/sites/octo/multimedia_content/images/Res_Publica_Wolfgang_Weileder.png
-77.017559759655398,38.884688437689036,254,4TH STREET SW AND VIRGINIA AVENUE SW,Dan Colen,Hat,"Hat, motor, cable, steel",2014,Installation,<Null>,4th Street SW and Virginia Ave SW,Federal Center,,6,Temporary,2014- 5x5 Temporary Art Initiative,http://octo.dc.gov/sites/default/files/dc/sites/octo/multimedia_content/images/Hat_Dan_Colen.png
-77.021770409784622,38.974822990748933,255,CEDAR STREET NW AND PINEY BRANCH ROAD NW,Natalie Jeremijenko,Butterfly Bridge,"Wire, plastic, soil, flowering plants",2012,"Sculpture, Installation",Takoma Park,Cedar Street NW and Piney Branch Road NW,Takoma,,4,Temporary,2012- 5x5 Temporary Art Initiative,http://octo.dc.gov/sites/default/files/dc/sites/octo/multimedia_content/images/Butterfly_Bridge_Natalie_Jeremijeko.png
-76.988464512624404,38.867246046727033,256,1203 GOOD HOPE ROAD SE,Abigail Deville,The New Migration,"Accumulated debris and heirlooms from Washington, DC to Jacksonville, Florida",2014,"Performance, installation",,1203 Good Hope Road SE,Anacostia,,8,Temporary,2014- 5x5 Temporary Art Initiative,http://octo.dc.gov/sites/default/files/dc/sites/octo/multimedia_content/images/The_New_Migration_Abigail_Deville.png
-76.988192597098205,38.86712963087232,257,1213 GOOD HOPE ROAD SE,Abigail Deville,The New Migration,"Accumulated debris and heirlooms from Washington, DC to Jacksonville, Florida",2014,"Performance, installation",,1213 Good Hope Road SE,Anacostia,,8,Temporary,2014- 5x5 Temporary Art Initiative,http://octo.dc.gov/sites/default/files/dc/sites/octo/multimedia_content/images/The_New_Migration_Abigail_Deville.png
-76.988415088472735,38.867154426286852,258,1205 GOOD HOPE ROAD SE,Abigail Deville,The New Migration,"Accumulated debris and heirlooms from Washington, DC to Jacksonville, Florida",2014,"Performance, installation",,1205 Good Hope Road SE,Anacostia,,8,Temporary,2014- 5x5 Temporary Art Initiative,http://octo.dc.gov/sites/default/files/dc/sites/octo/multimedia_content/images/The_New_Migration_Abigail_Deville.png
-77.019913091722117,38.892083628548193,259,6TH ST NW AND CONSTITUTION AVE NW,Soda Jerk,Hollywood Burn,Video projection,2014,Installation,National Gallery of Art- Oct. 26,6th Street NW and Constitution Ave NW,National Mall,,2,Temporary,2014- 5x5 Temporary Art Initiative,http://octo.dc.gov/sites/default/files/dc/sites/octo/multimedia_content/images/Soda_Jerk_Hollywood_Burn.png
-77.009367191866872,38.831333289665928,260,115 ATLANTIC STREET SW,Lize Mogel,Sight Lines,Self guided tour maps,2012,Tour,Washington Highland Neighborhood Library,115 Atlantic Street SW,Citywide,,8,Temporary,2012- 5x5 Temporary Art Initiative,http://octo.dc.gov/sites/default/files/dc/sites/octo/multimedia_content/images/Sight_Lines_Lize_Mogel.png
-77.003099287007544,38.875073618483626,261,200 TINGEY STREET SE,Glenn Kaino,Bridge,"Fiberglass, steel, wire, gold paint",2014,"Sculpture, installation",,200 Tingey Street SE,Navy Yard,,6,Temporary,2014- 5x5 Temporary Art Initiative,http://octo.dc.gov/sites/default/files/dc/sites/octo/multimedia_content/images/Bridge_Glenn_Kaino.png
-77.001536743162191,38.873723510066149,262,10 WATER STREET SE,Cath Campbell,Marathon,"Plastic, Wood, Aluminium, Steel Cable, Motor and Cable Car Mechanism",2012,Installation,Yards Park,10 Water Street SE,Navy Yard,,6,Temporary,2012- 5x5 Temporary Art Initiative,http://octo.dc.gov/sites/default/files/dc/sites/octo/multimedia_content/images/Marathon_Cath_Campbell.png
-77.001097742485996,38.873323682505792,263,10 WATER STREET (East Lawn),Tattfoo Tan,S.O.S. p:ARK,"Plants: St Johnwort, dandelions, timothy, clover, pigweed, lamb’s quarter, buttercup, mullein, queen anne lace, plantain, yarrow",2012,Earth work,Yards Park,10 Water Street SE (East Lawn),Navy Yard,,6,Temporary,2012- 5x5 Temporary Art Initiative,http://octo.dc.gov/sites/default/files/dc/sites/octo/multimedia_content/images/S_O_S_Park_Tattfoo_Tan.png
-77.027563684922029,38.894106655663776,264,1100 PENNSYLVANIA AVENUE NW,Wilmer Wilson IV,Henry 'Box' Brown: FOREVER,"Performance, three grades of postage stamps",2012,Performance,Old Post Office Pavilion,1100 Pennsylvania Avenue NW,Downtown,,2,Temporary,2012- 5x5 Temporary Art Initiative,http://octo.dc.gov/sites/default/files/dc/sites/octo/multimedia_content/images/Henry_Box_Brown_Forever_Wilmer_Wilson_IV.png
-77.024768551253501,38.898699116426073,265,901 G STREET NW,Lize Mogel,Sight Lines  ,Self guided tour maps,2012,Tour,Martin Luther King Jr Memorial Library,901 G Street NW,Downtown,,2,Temporary,2012- 5x5 Temporary Art Initiative,http://octo.dc.gov/sites/default/files/dc/sites/octo/multimedia_content/images/Sight_Lines_Lize_Mogel.png
-76.941818506264866,38.912634347684616,266,1550 ANACOSTIA AVENUE NE,Mia Feuer,The Flooded Lecture Series,"Lecture, panel discussion",2014,Lecture,,"Kenilworth Park, Anacostia River",Kenilworth,,7,Temporary,2014- 5x5 Temporary Art Initiative,http://octo.dc.gov/sites/default/files/dc/sites/octo/multimedia_content/images/The_Flooded_Lecture_Series_Mia_Feuer.png
-76.93215784256401,38.908452418628208,267,1350 49TH STREET NE,Lize Mogel,Sight Lines  ,Self guided tour maps,2012,Tour,Deadwood Neighborhood Library,Deadwood Neighborhood Library,Deanwood,,7,Temporary,2012- 5x5 Temporary Art Initiative,http://octo.dc.gov/sites/default/files/dc/sites/octo/multimedia_content/images/Sight_Lines_Lize_Mogel.png
-77.039742730457604,38.895854463821884,268,500 17TH STREET NW,Floating Lab Collective,Remuseum,"Lecture, panel discussion",2012,Lecture,Corcoran Gallery of Art,500 17th Street NW,Downtown,,2,Temporary,2012- 5x5 Temporary Art Initiative,http://octo.dc.gov/sites/default/files/dc/sites/octo/multimedia_content/images/Remuseum_Floating_Lab_Collective.png
-77.000969556622451,38.947387050544663,269,4900 JOHN MCCORMACK DR NE,Coby Kennedy,Untitled,Aerosol paint,2011,Mural,"Department of Pulbic Works, wall along Ft. Totten Transfer Station",4900 John MCcormack Dr NE,Fort Totten,,5,Temporary,MuralsDC,
-77.005887729827876,38.906849026761819,270,1ST STREET NE FROM N STREET NE TO PATTERSON STREET NE,Dignidad Rebelde,"Looking Back, Seeing Forward","Paint, prints",2014,Mural,Installed on a separation wall,1ST Street NE From N Street NE To Patterson Street NE,NoMa,,6,Temporary,2012- 5x5 Temporary Art Initiative,http://octo.dc.gov/sites/default/files/dc/sites/octo/multimedia_content/images/Looking_Back_Seeing_Forward_Dignidad_Rebelde .png
-77.022220648406119,38.912449616289742,271,1630 7TH STREET NW,Lize Mogel,Sight Lines  ,Self guided tour maps,2012,Tour,Watha T. Daniel / Shaw Neighborhood Library,1630 7th St NW,Logan Circle/Shaw,,6,Temporary,2012- 5x5 Temporary Art Initiative,http://octo.dc.gov/sites/default/files/dc/sites/octo/multimedia_content/images/Sight_Lines_Lize_Mogel.png
-77.022942358983087,38.899142594501292,272,8TH STREET NW FROM G STREET NW TO H STREET NW,Floating Lab Collective,Remuseum,"Lecture, panel discussion",2012,Lecture,Pepco Edison Place Gallery,8TH Street NW From G Street NW To H Street NW,Chinatown,,2,Temporary,2012- 5x5 Temporary Art Initiative,http://octo.dc.gov/sites/default/files/dc/sites/octo/multimedia_content/images/Remuseum_Floating_Lab_Collective.png
